"run_id","batch","language","mode","category","test","style","threads","size","rep","seconds","work","unit","rate","check"
"r_20261001-152438","20261001-152436","R","verify","cpu_single","scalar_loop","loop",1,"100000",1,"0.00884318352","100000","iter","11308144.8","21081692.746151909"
"r_20261001-152438","20261001-152436","R","verify","cpu_single","mandelbrot","loop",1,"64",1,"0.0464334488","4096","px","88212.2717","119806"
"r_20261001-152438","20261001-152436","R","verify","cpu_single","fib_recursive","loop",1,"15",1,"0.00393366814","1973","call","501567.476","610"
"r_20261001-152438","20261001-152436","R","verify","cpu_single","vector_math","vectorized",1,"100000",1,"0.000907897949","100000","elem","110144538","40100103.463525407"
"r_20261001-152438","20261001-152436","R","verify","cpu_single","sort","builtin",1,"100000",1,"0.0057554245","100000","item","17374913","1.5000011384254321"
"r_20261001-152438","20261001-152436","R","verify","cpu_single","hashmap","builtin",1,"10000",1,"0.0533833504","20000","op","374648.647","49995000"
"r_20261001-152438","20261001-152436","R","verify","cpu_single","string_ops","builtin",1,"10000",1,"0.00801420212","10000","item","1247784.85","49995000"
"r_20261001-152438","20261001-152436","R","verify","cpu_multi","parallel_mandelbrot","parallel",1,"64",1,"0.0282304287","4096","px","145091.668","119806"
"r_20261001-152438","20261001-152436","R","verify","cpu_multi","parallel_mandelbrot","parallel",2,"64",1,"0.0327646732","4096","px","125012.692","119806"
"r_20261001-152438","20261001-152436","R","verify","cpu_multi","parallel_mandelbrot","parallel",4,"64",1,"0.0343291759","4096","px","119315.419","119806"
"r_20261001-152438","20261001-152436","R","verify","cpu_multi","parallel_mandelbrot","parallel",6,"64",1,"0.0460743904","4096","px","88899.7112","119806"
"r_20261001-152438","20261001-152436","R","verify","cpu_multi","parallel_mandelbrot","parallel",8,"64",1,"0.0526170731","4096","px","77845.4551","119806"
"r_20261001-152438","20261001-152436","R","verify","cpu_multi","parallel_mandelbrot","parallel",12,"64",1,"0.0757563114","4096","px","54068.1024","119806"
"r_20261001-152438","20261001-152436","R","verify","cpu_multi","matmul_blas","blas",12,"64",1,"0.000172376633","524288","FLOP","3.04152594e+09","65532.089918871323"
"r_20261001-152438","20261001-152436","R","verify","ram","mem_copy","builtin",1,"1",1,"0.0003926754","2097152","B","5.34067579e+09","0.33293943747412413"
"r_20261001-152438","20261001-152436","R","verify","ram","mem_triad","vectorized",1,"1",1,"0.000255823135","3145728","B","1.22964954e+10","7"
"r_20261001-152438","20261001-152436","R","verify","ram","mem_gather","vectorized",1,"1",1,"0.000418186188","32768","access","78357442.1","16388.333920219913"
"r_20261001-152438","20261001-152436","R","verify","ram","mem_alloc","builtin",1,"0.0625",1,"0.19331646","134217728","B","694290224","8388608"
"r_20261001-152438","20261001-152436","R","verify","gpu","gpu_fp32_peak","gpu",0,"1024",1,"0.00400662422","33554432","FLOP","8.37473897e+09","7.3299093246459961"
"r_20261001-152438","20261001-152436","R","verify","gpu","gpu_bandwidth","gpu",0,"1",1,"0.00167560577","2097152","B","1.2515784e+09","1.5"
"r_20261001-152438","20261001-152436","R","verify","gpu","gpu_sgemm","gpu",0,"64",1,"0.00203251839","524288","FLOP","257949942","65532.089813232422"
"r_20261001-152438","20261001-152436","R","verify","gpu","gpu_upload","gpu",0,"1",1,"0.000636339188","1048576","B","1.64782559e+09","262144"
"r_20261001-152438","20261001-152436","R","verify","gpu","gpu_download","gpu",0,"1",1,"0.00207948685","1048576","B","504247479","2.5"
