key,value
run_id,cpp_20261001-205737
batch,20261001-205732
language,C++
mode,full
language_version,g++ 14.2.0
build,"g++ -O3 -march=native -ffp-contract=off -std=c++20 -pthread -Wa,-muse-unaligned-vector-move"
blas,OpenBLAS 0.3.34 DYNAMIC_ARCH NO_AFFINITY Haswell MAX_THREADS=64
numpy_version,
cpu,13th Gen Intel(R) Core(TM) i9-13900HX
physical_cores,24
logical_cpus,32
ram_gib,63.7
power,AC
platform_profile,balanced
cpu_temp_start_c,
cpu_temp_end_c,
started,2026-10-01T20:57:37
elapsed_s,54.5826
host,alienware-m16-r1
machine,alienware-m16-r1
gpu_platform,NVIDIA CUDA
gpu_device,NVIDIA GeForce RTX 4090 Laptop GPU
gpu_compute_units,76
gpu_max_clock_mhz,1950
gpu_driver,596.08
skipped,mem_alloc 16 GiB: more than 40% of available RAM
failed,
