run_id,batch,language,mode,category,test,style,threads,size,rep,seconds,work,unit,rate,check
python_20261001-205902,20261001-205732,Python,full,cpu_single,scalar_loop,loop,1,20000000,1,0.8597954999422655,20000000,iter,23261345.28657452,59628477163.717613
python_20261001-205902,20261001-205732,Python,full,cpu_single,scalar_loop,loop,1,20000000,2,0.8756020999280736,20000000,iter,22841425.34793247,59628477163.717613
python_20261001-205902,20261001-205732,Python,full,cpu_single,scalar_loop,loop,1,20000000,3,0.8642595000565052,20000000,iter,23141197.752170965,59628477163.717613
python_20261001-205902,20261001-205732,Python,full,cpu_single,scalar_loop,loop,1,20000000,4,0.8787014000117779,20000000,iter,22760860.51499625,59628477163.717613
python_20261001-205902,20261001-205732,Python,full,cpu_single,scalar_loop,loop,1,20000000,5,0.877230399986729,20000000,iter,22799027.485028524,59628477163.717613
python_20261001-205902,20261001-205732,Python,full,cpu_single,mandelbrot,loop,1,500,1,0.5914268000051379,250000,px,422706.5800836691,7314207
python_20261001-205902,20261001-205732,Python,full,cpu_single,mandelbrot,loop,1,500,2,0.5939050000160933,250000,px,420942.7433566406,7314207
python_20261001-205902,20261001-205732,Python,full,cpu_single,mandelbrot,loop,1,500,3,0.5739166000857949,250000,px,435603.361120113,7314207
python_20261001-205902,20261001-205732,Python,full,cpu_single,mandelbrot,loop,1,500,4,0.56973760004621,250000,px,438798.4924634132,7314207
python_20261001-205902,20261001-205732,Python,full,cpu_single,mandelbrot,loop,1,500,5,0.5542312000179663,250000,px,451075.2913078438,7314207
python_20261001-205902,20261001-205732,Python,full,cpu_single,fib_recursive,loop,1,34,1,0.5076639000326395,18454929,call,36352651.82104433,5702887
python_20261001-205902,20261001-205732,Python,full,cpu_single,fib_recursive,loop,1,34,2,0.49028539995197207,18454929,call,37641196.33545651,5702887
python_20261001-205902,20261001-205732,Python,full,cpu_single,fib_recursive,loop,1,34,3,0.4774445000803098,18454929,call,38653558.67937685,5702887
python_20261001-205902,20261001-205732,Python,full,cpu_single,fib_recursive,loop,1,34,4,0.48951919993851334,18454929,call,37700112.68673027,5702887
python_20261001-205902,20261001-205732,Python,full,cpu_single,fib_recursive,loop,1,34,5,0.510086499969475,18454929,call,36179998.884707585,5702887
python_20261001-205902,20261001-205732,Python,full,cpu_single,vector_math,vectorized,1,50000000,1,0.27739009994547814,50000000,elem,180251566.3314143,20049999973.634991
python_20261001-205902,20261001-205732,Python,full,cpu_single,vector_math,vectorized,1,50000000,2,0.26917839993257076,50000000,elem,185750416.87046587,20049999973.634991
python_20261001-205902,20261001-205732,Python,full,cpu_single,vector_math,vectorized,1,50000000,3,0.2884495999896899,50000000,elem,173340507.32532534,20049999973.634991
python_20261001-205902,20261001-205732,Python,full,cpu_single,vector_math,vectorized,1,50000000,4,0.2924226999748498,50000000,elem,170985357.85457256,20049999973.634991
python_20261001-205902,20261001-205732,Python,full,cpu_single,vector_math,vectorized,1,50000000,5,0.2752159000374377,50000000,elem,181675549.9707629,20049999973.634991
python_20261001-205902,20261001-205732,Python,full,cpu_single,sort,builtin,1,20000000,1,0.2239689000416547,20000000,item,89298112.35524358,1.4999999552965164
python_20261001-205902,20261001-205732,Python,full,cpu_single,sort,builtin,1,20000000,2,0.2155797000741586,20000000,item,92773113.57757746,1.4999999552965164
python_20261001-205902,20261001-205732,Python,full,cpu_single,sort,builtin,1,20000000,3,0.20798909990116954,20000000,item,96158885.29496703,1.4999999552965164
python_20261001-205902,20261001-205732,Python,full,cpu_single,sort,builtin,1,20000000,4,0.21816299995407462,20000000,item,91674573.61793792,1.4999999552965164
python_20261001-205902,20261001-205732,Python,full,cpu_single,sort,builtin,1,20000000,5,0.22587009996641427,20000000,item,88546469.864643,1.4999999552965164
python_20261001-205902,20261001-205732,Python,full,cpu_single,hashmap,builtin,1,5000000,1,1.1387401999672875,10000000,op,8781634.301034836,12499997500000
python_20261001-205902,20261001-205732,Python,full,cpu_single,hashmap,builtin,1,5000000,2,1.1334291000384837,10000000,op,8822783.88622673,12499997500000
python_20261001-205902,20261001-205732,Python,full,cpu_single,hashmap,builtin,1,5000000,3,1.1039497000165284,10000000,op,9058383.728760721,12499997500000
python_20261001-205902,20261001-205732,Python,full,cpu_single,hashmap,builtin,1,5000000,4,1.1064790000673383,10000000,op,9037677.171813851,12499997500000
python_20261001-205902,20261001-205732,Python,full,cpu_single,hashmap,builtin,1,5000000,5,1.1124412999488413,10000000,op,8989238.35393371,12499997500000
python_20261001-205902,20261001-205732,Python,full,cpu_single,string_ops,builtin,1,2000000,1,0.44254989991895854,2000000,item,4519264.38208719,1999999000000
python_20261001-205902,20261001-205732,Python,full,cpu_single,string_ops,builtin,1,2000000,2,0.4350829999893904,2000000,item,4596824.054373006,1999999000000
python_20261001-205902,20261001-205732,Python,full,cpu_single,string_ops,builtin,1,2000000,3,0.42900800006464124,2000000,item,4661917.725773524,1999999000000
python_20261001-205902,20261001-205732,Python,full,cpu_single,string_ops,builtin,1,2000000,4,0.4348083999939263,2000000,item,4599727.1442500595,1999999000000
python_20261001-205902,20261001-205732,Python,full,cpu_single,string_ops,builtin,1,2000000,5,0.4210768999764696,2000000,item,4749726.2379193995,1999999000000
python_20261001-205902,20261001-205732,Python,full,cpu_multi,parallel_mandelbrot,parallel,1,900,1,1.8415387000422925,810000,px,439849.5670937557,23689535
python_20261001-205902,20261001-205732,Python,full,cpu_multi,parallel_mandelbrot,parallel,2,900,1,0.9862171000568196,810000,px,821320.1737764768,23689535
python_20261001-205902,20261001-205732,Python,full,cpu_multi,parallel_mandelbrot,parallel,4,900,1,0.5675227000610903,810000,px,1427255.684949357,23689535
python_20261001-205902,20261001-205732,Python,full,cpu_multi,parallel_mandelbrot,parallel,8,900,1,0.3528065000427887,810000,px,2295876.0677645183,23689535
python_20261001-205902,20261001-205732,Python,full,cpu_multi,parallel_mandelbrot,parallel,24,900,1,0.3035664999624714,810000,px,2668278.614735607,23689535
python_20261001-205902,20261001-205732,Python,full,cpu_multi,parallel_mandelbrot,parallel,32,900,1,0.3123284999746829,810000,px,2593423.2709011757,23689535
python_20261001-205902,20261001-205732,Python,full,cpu_multi,matmul_blas,blas,24,4096,1,0.3966716999420896,137438953472,FLOP,346480360187.1896,17179869769.910618
python_20261001-205902,20261001-205732,Python,full,cpu_multi,matmul_blas,blas,24,4096,2,0.4145924999611452,137438953472,FLOP,331503713851.26483,17179869769.910618
python_20261001-205902,20261001-205732,Python,full,cpu_multi,matmul_blas,blas,24,4096,3,0.41119829996023327,137438953472,FLOP,334240081939.2775,17179869769.910618
python_20261001-205902,20261001-205732,Python,full,cpu_multi,matmul_blas,blas,24,4096,4,0.40628890006337315,137438953472,FLOP,338278878528.4614,17179869769.910618
python_20261001-205902,20261001-205732,Python,full,cpu_multi,matmul_blas,blas,24,4096,5,0.4092586999759078,137438953472,FLOP,335824146145.435,17179869769.910618
python_20261001-205902,20261001-205732,Python,full,ram,mem_copy,builtin,1,1024,1,0.05769060004968196,2147483648,B,37224151701.501305,0.17875446379184723
python_20261001-205902,20261001-205732,Python,full,ram,mem_copy,builtin,1,1024,2,0.0580935999751091,2147483648,B,36965924799.291405,0.17875446379184723
python_20261001-205902,20261001-205732,Python,full,ram,mem_copy,builtin,1,1024,3,0.05964329990092665,2147483648,B,36005446572.660805,0.17875446379184723
python_20261001-205902,20261001-205732,Python,full,ram,mem_copy,builtin,1,1024,4,0.05919479997828603,2147483648,B,36278248237.81387,0.17875446379184723
python_20261001-205902,20261001-205732,Python,full,ram,mem_copy,builtin,1,1024,5,0.05843710002955049,2147483648,B,36748634804.15797,0.17875446379184723
python_20261001-205902,20261001-205732,Python,full,ram,mem_triad,vectorized,1,1024,1,0.456426199991256,3221225472,B,7057494666.304675,7
python_20261001-205902,20261001-205732,Python,full,ram,mem_triad,vectorized,1,1024,2,0.4870529000181705,3221225472,B,6613707611.39052,7
python_20261001-205902,20261001-205732,Python,full,ram,mem_triad,vectorized,1,1024,3,0.4906666000606492,3221225472,B,6564998456.389406,7
python_20261001-205902,20261001-205732,Python,full,ram,mem_triad,vectorized,1,1024,4,0.4867413999745622,3221225472,B,6617940187.886927,7
python_20261001-205902,20261001-205732,Python,full,ram,mem_triad,vectorized,1,1024,5,0.49334300006739795,3221225472,B,6529383150.38408,7
python_20261001-205902,20261001-205732,Python,full,ram,mem_gather,vectorized,1,2048,1,0.8282133999746293,67108864,access,81028469.23517025,33554449.610446163
python_20261001-205902,20261001-205732,Python,full,ram,mem_gather,vectorized,1,2048,2,0.8558130000019446,67108864,access,78415336.06038645,33554449.610446163
python_20261001-205902,20261001-205732,Python,full,ram,mem_gather,vectorized,1,2048,3,0.8111552000045776,67108864,access,82732458.5968521,33554449.610446163
python_20261001-205902,20261001-205732,Python,full,ram,mem_gather,vectorized,1,2048,4,0.7814591999631375,67108864,access,85876350.29847446,33554449.610446163
python_20261001-205902,20261001-205732,Python,full,ram,mem_gather,vectorized,1,2048,5,0.8033793000504375,67108864,access,83533225.20979418,33554449.610446163
python_20261001-205902,20261001-205732,Python,full,ram,mem_alloc,builtin,1,1,1,0.2952321000630036,2147483648,B,7273882641.967859,134217728
python_20261001-205902,20261001-205732,Python,full,ram,mem_alloc,builtin,1,2,1,0.5809691000031307,4294967296,B,7392763739.029933,268435456
python_20261001-205902,20261001-205732,Python,full,ram,mem_alloc,builtin,1,4,1,1.2030326999956742,8589934592,B,7140233671.146999,536870912
python_20261001-205902,20261001-205732,Python,full,ram,mem_alloc,builtin,1,8,1,2.390330099966377,17179869184,B,7187237103.461843,1073741824
python_20261001-205902,20261001-205732,Python,full,gpu,gpu_fp32_peak,gpu,0,4194304,1,0.0033872000640258193,137438953472,FLOP,40575977466370.39,7.3299975395202637
python_20261001-205902,20261001-205732,Python,full,gpu,gpu_fp32_peak,gpu,0,4194304,2,0.0033700999338179827,137438953472,FLOP,40781862903482.375,7.3299975395202637
python_20261001-205902,20261001-205732,Python,full,gpu,gpu_fp32_peak,gpu,0,4194304,3,0.00341070001013577,137438953472,FLOP,40296406328192.13,7.3299975395202637
python_20261001-205902,20261001-205732,Python,full,gpu,gpu_fp32_peak,gpu,0,4194304,4,0.003591199987567961,137438953472,FLOP,38271038635494.27,7.3299975395202637
python_20261001-205902,20261001-205732,Python,full,gpu,gpu_fp32_peak,gpu,0,4194304,5,0.0033843000419437885,137438953472,FLOP,40610747205812.55,7.3299975395202637
python_20261001-205902,20261001-205732,Python,full,gpu,gpu_bandwidth,gpu,0,512,1,0.002327699912711978,1073741824,B,461288767566.68994,1.5
python_20261001-205902,20261001-205732,Python,full,gpu,gpu_bandwidth,gpu,0,512,2,0.0023225999902933836,1073741824,B,462301656973.8159,1.5
python_20261001-205902,20261001-205732,Python,full,gpu,gpu_bandwidth,gpu,0,512,3,0.002202400006353855,1073741824,B,487532610289.81494,1.5
python_20261001-205902,20261001-205732,Python,full,gpu,gpu_bandwidth,gpu,0,512,4,0.0022800000151619315,1073741824,B,470939393359.49524,1.5
python_20261001-205902,20261001-205732,Python,full,gpu,gpu_bandwidth,gpu,0,512,5,0.002182799973525107,1073741824,B,491910315660.2863,1.5
python_20261001-205902,20261001-205732,Python,full,gpu,gpu_sgemm,gpu,0,2048,1,0.0024662999203428626,17179869184,FLOP,6965847520123.048,2147483472.8566284
python_20261001-205902,20261001-205732,Python,full,gpu,gpu_sgemm,gpu,0,2048,2,0.0024611999979242682,17179869184,FLOP,6980281650613.193,2147483472.8566284
python_20261001-205902,20261001-205732,Python,full,gpu,gpu_sgemm,gpu,0,2048,3,0.00245189992710948,17179869184,FLOP,7006757899884.265,2147483472.8566284
python_20261001-205902,20261001-205732,Python,full,gpu,gpu_sgemm,gpu,0,2048,4,0.00250840000808239,17179869184,FLOP,6848935229087.959,2147483472.8566284
python_20261001-205902,20261001-205732,Python,full,gpu,gpu_sgemm,gpu,0,2048,5,0.002463399898260832,17179869184,FLOP,6974048020432.672,2147483472.8566284
python_20261001-205902,20261001-205732,Python,full,gpu,gpu_upload,gpu,0,512,1,0.049721900024451315,536870912,B,10797473783.905836,134217728
python_20261001-205902,20261001-205732,Python,full,gpu,gpu_upload,gpu,0,512,2,0.04518180002924055,536870912,B,11882459566.740377,134217728
python_20261001-205902,20261001-205732,Python,full,gpu,gpu_upload,gpu,0,512,3,0.04546920000575483,536870912,B,11807353371.778055,134217728
python_20261001-205902,20261001-205732,Python,full,gpu,gpu_upload,gpu,0,512,4,0.04865989997051656,536870912,B,11033128147.104588,134217728
python_20261001-205902,20261001-205732,Python,full,gpu,gpu_upload,gpu,0,512,5,0.05185199994593859,536870912,B,10353909445.339561,134217728
python_20261001-205902,20261001-205732,Python,full,gpu,gpu_download,gpu,0,512,1,0.048757200012914836,536870912,B,11011110397.188381,2.5
python_20261001-205902,20261001-205732,Python,full,gpu,gpu_download,gpu,0,512,2,0.046339599997736514,536870912,B,11585575016.31917,2.5
python_20261001-205902,20261001-205732,Python,full,gpu,gpu_download,gpu,0,512,3,0.04270440002437681,536870912,B,12571793812.664263,2.5
python_20261001-205902,20261001-205732,Python,full,gpu,gpu_download,gpu,0,512,4,0.049172100028954446,536870912,B,10918201819.403067,2.5
python_20261001-205902,20261001-205732,Python,full,gpu,gpu_download,gpu,0,512,5,0.044209100073203444,536870912,B,12143900489.062765,2.5
