"key","value"
"run_id","r_20261001-203951"
"batch","20261001-203546"
"language","R"
"mode","full"
"language_version","R 4.5.2"
"build","C:/PROGRA~1/R/R-4.5.2"
"blas","C:\Program Files\R\R-4.5.2\bin\x64\Rblas.dll"
"numpy_version",""
"cpu","13th Gen Intel(R) Core(TM) i9-13900HX"
"physical_cores","24"
"logical_cpus","32"
"ram_gib","63.7"
"power","AC"
"platform_profile","balanced"
"cpu_temp_start_c",""
"cpu_temp_end_c",""
"started","2026-10-01T20:39:51"
"elapsed_s","375.3"
"host","alienware-m16-r1"
"machine","alienware-m16-r1"
"gpu_platform","NVIDIA CUDA OpenCL 3.0 CUDA 13.2.81"
"gpu_device","NVIDIA GeForce RTX 4090 Laptop GPU"
"gpu_compute_units","76"
"gpu_max_clock_mhz","1950"
"gpu_driver","596.08"
"skipped","mem_alloc 16 GiB: more than 40% of MemAvailable (29.3 GiB)"
"failed",""
