"run_id","batch","language","mode","category","test","style","threads","size","rep","seconds","work","unit","rate","check"
"r_20261001-210727","20261001-210719","R","verify","cpu_single","scalar_loop","loop",1,"100000",1,"0.00295710564","100000","iter","33816850.8","21081692.746151909"
"r_20261001-210727","20261001-210719","R","verify","cpu_single","mandelbrot","loop",1,"64",1,"0.0161969662","4096","px","252886.865","119806"
"r_20261001-210727","20261001-210719","R","verify","cpu_single","fib_recursive","loop",1,"15",1,"0.00134301186","1973","call","1469086.06","610"
"r_20261001-210727","20261001-210719","R","verify","cpu_single","vector_math","vectorized",1,"100000",1,"0.000280857086","100000","elem","356052971","40100103.463525407"
"r_20261001-210727","20261001-210719","R","verify","cpu_single","sort","builtin",1,"100000",1,"0.0021841526","100000","item","45784346.7","1.5000011384254321"
"r_20261001-210727","20261001-210719","R","verify","cpu_single","hashmap","builtin",1,"10000",1,"0.0215129852","20000","op","929671.07","49995000"
"r_20261001-210727","20261001-210719","R","verify","cpu_single","string_ops","builtin",1,"10000",1,"0.00391507149","10000","item","2554231.78","49995000"
"r_20261001-210727","20261001-210719","R","verify","cpu_multi","parallel_mandelbrot","parallel",1,"64",1,"0.0192680359","4096","px","212580.048","119806"
"r_20261001-210727","20261001-210719","R","verify","cpu_multi","parallel_mandelbrot","parallel",2,"64",1,"0.0103139877","4096","px","397130.587","119806"
"r_20261001-210727","20261001-210719","R","verify","cpu_multi","parallel_mandelbrot","parallel",4,"64",1,"0.00757408142","4096","px","540791.651","119806"
"r_20261001-210727","20261001-210719","R","verify","cpu_multi","parallel_mandelbrot","parallel",8,"64",1,"0.00441002846","4096","px","928792.192","119806"
"r_20261001-210727","20261001-210719","R","verify","cpu_multi","parallel_mandelbrot","parallel",24,"64",1,"0.00593590736","4096","px","690037.723","119806"
"r_20261001-210727","20261001-210719","R","verify","cpu_multi","parallel_mandelbrot","parallel",32,"64",1,"0.00644898415","4096","px","635138.792","119806"
"r_20261001-210727","20261001-210719","R","verify","cpu_multi","matmul_blas","blas",1,"64",1,"0.000115871429","524288","FLOP","4.52473921e+09","65532.089918871323"
"r_20261001-210727","20261001-210719","R","verify","ram","mem_copy","builtin",1,"1",1,"0.000169992447","2097152","B","1.23367364e+10","0.33293943747412413"
"r_20261001-210727","20261001-210719","R","verify","ram","mem_triad","vectorized",1,"1",1,"0.000149965286","3145728","B","2.09763745e+10","7"
"r_20261001-210727","20261001-210719","R","verify","ram","mem_gather","vectorized",1,"1",1,"0.000200033188","32768","access","163812817","16388.333920219913"
"r_20261001-210727","20261001-210719","R","verify","ram","mem_alloc","builtin",1,"0.0625",1,"0.0517828465","134217728","B","2.59193415e+09","8388608"
"r_20261001-210727","20261001-210719","R","verify","gpu","gpu_fp32_peak","gpu",0,"1024",1,"0.00118589401","33554432","FLOP","2.82946297e+10","7.3299975395202637"
"r_20261001-210727","20261001-210719","R","verify","gpu","gpu_bandwidth","gpu",0,"1",1,"0.000983953476","2097152","B","2.1313528e+09","1.5"
"r_20261001-210727","20261001-210719","R","verify","gpu","gpu_sgemm","gpu",0,"64",1,"0.000270843506","524288","FLOP","1.93575991e+09","65532.089920043945"
"r_20261001-210727","20261001-210719","R","verify","gpu","gpu_upload","gpu",0,"1",1,"0.001060009","1048576","B","989214240","262144"
"r_20261001-210727","20261001-210719","R","verify","gpu","gpu_download","gpu",0,"1",1,"0.00052690506","1048576","B","1.99006629e+09","2.5"
