time,phase,cpu_temp_c,cpu_mhz_avg,cpu_mhz_max,gpu_temp_c,gpu_busy_pct,gpu_sclk_mhz,mem_used_gib
1790902064.308,cpp,,3333,4584,44,1,1950,30.12
1790902065.431,cpp,,3465,4854,44,0,1950,30.12
1790902066.484,cpp,,3411,4734,44,1,1950,30.09
1790902067.525,cpp,,3552,4603,44,0,1950,30.08
1790902068.573,cpp,,3435,4730,44,0,1950,30.03
1790902069.621,cpp,,3446,4676,42,0,315,30.04
1790902070.667,cpp,,3320,4040,42,0,210,30.04
1790902071.714,cpp,,3457,4728,41,2,210,30.33
1790902072.760,cpp,,3175,4833,41,2,210,30.34
1790902073.808,cpp,,2548,4533,41,0,210,30.34
1790902074.855,cpp,,3452,4958,41,0,210,30.33
1790902075.897,cpp,,3482,4691,41,0,210,30.33
1790902076.955,cpp,,3507,4523,41,0,210,30.33
1790902078.015,cpp,,3501,4551,41,0,210,30.33
1790902079.057,cpp,,3531,4614,41,0,210,30.20
1790902080.099,cpp,,3429,4615,41,8,210,30.21
1790902081.142,cpp,,3400,4462,41,11,210,30.21
1790902082.184,cpp,,3536,4621,41,2,210,30.20
1790902083.235,cpp,,3364,4825,41,0,210,30.21
1790902084.284,cpp,,2344,4747,41,0,210,30.24
1790902085.324,cpp,,3448,4741,41,0,210,30.30
1790902086.369,cpp,,3304,4427,41,0,210,30.44
1790902087.432,cpp,,3435,4608,41,0,210,30.02
1790902088.481,cpp,,3423,4506,41,0,210,30.02
1790902089.525,cpp,,3907,4780,41,2,210,30.02
1790902090.676,cpp,,3900,4268,41,0,210,30.40
1790902091.823,cpp,,3090,3312,41,0,210,30.41
1790902092.967,cpp,,3005,3321,41,0,210,31.69
1790902094.010,cpp,,2858,4534,41,0,210,32.93
1790902095.059,cpp,,3483,4407,41,0,210,33.01
1790902096.290,cpp,,3865,4454,41,0,210,32.50
1790902097.339,cpp,,3426,4692,41,0,210,32.50
1790902098.387,cpp,,3348,4539,41,2,210,32.49
1790902099.436,cpp,,3464,4364,41,2,210,32.52
1790902100.480,cpp,,3349,4623,41,0,210,30.77
1790902101.526,cpp,,3368,4460,41,0,210,33.79
1790902102.571,cpp,,3352,4406,41,0,210,33.49
1790902103.618,cpp,,3150,4421,41,0,210,38.01
1790902104.670,cpp,,2909,4462,56,97,2325,29.99
1790902105.711,cpp,,2271,4000,67,97,2310,29.99
1790902106.757,cpp,,2971,4071,51,31,2400,30.49
1790902107.824,idle,,3042,4061,47,1,2400,29.85
1790902108.869,idle,,2585,4098,46,0,2400,29.85
1790902109.919,idle,,2310,3873,44,0,480,29.85
1790902110.963,idle,,2346,3230,43,0,315,29.85
1790902112.012,idle,,2291,3402,42,0,210,29.85
1790902113.053,idle,,2302,3445,42,0,210,29.85
1790902114.106,idle,,2319,3570,42,0,210,29.85
1790902115.166,idle,,2401,3484,41,2,210,29.85
1790902116.214,idle,,1830,3349,41,2,210,29.84
1790902117.260,idle,,2631,4410,41,0,210,29.84
1790902118.300,idle,,2541,3946,41,0,210,29.84
1790902119.350,idle,,2509,3403,41,0,210,29.84
1790902120.392,idle,,2425,3533,41,0,210,29.85
1790902121.435,idle,,2195,3904,41,0,210,29.86
1790902122.481,idle,,2384,4035,41,0,210,29.87
1790902123.527,idle,,2624,3983,41,0,210,29.82
1790902124.575,idle,,2190,3506,41,2,210,29.82
1790902125.610,idle,,2190,3554,40,3,210,29.81
1790902126.659,idle,,2237,4185,40,1,210,29.82
1790902127.713,idle,,2062,3343,40,1,210,29.81
1790902128.776,idle,,2327,3422,40,1,210,29.81
1790902129.825,idle,,2340,3439,40,1,210,29.81
1790902130.869,idle,,2418,3313,40,1,210,29.80
1790902131.917,idle,,2440,4283,40,1,210,29.80
1790902132.966,idle,,2361,3834,40,1,210,29.80
1790902134.021,idle,,2231,3545,40,2,210,29.80
1790902135.071,idle,,2212,3180,40,0,210,29.80
1790902136.121,idle,,2354,3175,40,0,210,29.80
1790902137.171,idle,,1912,3310,40,0,210,29.81
1790902138.216,python,,2562,4280,40,0,1950,29.97
1790902139.267,python,,3141,4080,42,1,1950,29.97
1790902140.323,python,,3066,4393,42,0,1950,29.98
1790902141.370,python,,3211,4544,42,1,1950,29.98
1790902142.415,python,,3273,4152,42,1,1950,29.98
1790902143.455,python,,3135,4331,43,0,1950,29.98
1790902144.499,python,,2895,4383,43,0,1950,29.98
1790902145.541,python,,3184,4153,41,0,375,29.98
1790902146.586,python,,3129,4028,41,0,240,29.97
1790902147.631,python,,3059,4072,40,0,210,29.97
1790902148.682,python,,2466,4287,40,0,210,30.45
1790902149.745,python,,3187,4832,40,0,210,30.96
1790902150.807,python,,3316,4550,40,2,210,30.16
1790902151.855,python,,3259,4361,40,2,210,30.43
1790902152.906,python,,2724,4705,40,0,210,30.47
1790902153.956,python,,2981,4614,40,0,210,30.48
1790902154.999,python,,3016,4841,40,0,210,30.49
1790902156.043,python,,3476,4653,40,0,210,30.48
1790902157.090,python,,3353,4358,40,0,210,30.48
1790902158.134,python,,3428,4489,40,0,210,30.48
1790902159.181,python,,2617,4670,40,2,210,30.31
1790902160.215,python,,2899,4019,40,2,210,30.12
1790902161.262,python,,2881,3833,40,0,210,30.30
1790902162.315,python,,3153,4129,40,0,210,30.04
1790902163.368,python,,3196,4224,40,0,210,30.03
1790902164.432,python,,2936,3893,40,0,210,30.01
1790902165.479,python,,3085,3686,40,0,210,30.15
1790902166.559,python,,3333,3559,40,0,210,30.53
1790902167.684,python,,3140,3440,40,0,210,30.41
1790902168.776,python,,3035,3270,40,2,210,30.42
1790902169.839,python,,2968,3231,40,0,210,31.28
1790902170.885,python,,2962,4939,40,0,210,31.35
1790902171.918,python,,2814,4754,40,0,210,33.14
1790902172.954,python,,2659,4518,40,0,210,34.82
1790902174.010,python,,2723,4771,40,0,210,33.50
1790902175.052,python,,2718,4752,40,0,210,32.69
1790902176.087,python,,2727,4494,40,1,210,33.28
1790902177.150,python,,2900,4583,40,2,210,35.85
1790902178.207,python,,3111,4680,40,1,210,32.88
1790902179.247,python,,3251,4515,40,1,210,32.64
1790902180.299,python,,2548,4356,40,1,210,32.77
1790902181.342,python,,4216,4592,40,1,210,32.92
1790902182.400,python,,4106,4626,40,1,210,33.10
1790902183.443,python,,3809,4563,40,0,210,30.42
1790902184.493,python,,3314,4361,40,0,210,30.93
1790902185.552,python,,3593,4546,40,0,210,31.84
1790902186.603,python,,3651,4515,40,2,210,34.91
1790902187.650,python,,4043,4646,40,0,210,38.13
1790902188.718,python,,3986,4550,52,96,1950,30.11
1790902189.761,python,,4044,4644,65,95,2325,30.12
1790902190.810,python,,2790,4409,49,13,2400,30.61
1790902191.876,idle,,3914,4482,47,71,2400,29.92
1790902192.919,idle,,3745,4551,46,0,2415,29.92
1790902193.963,idle,,3378,4388,44,0,675,29.92
1790902195.010,idle,,3734,4648,43,2,435,29.92
1790902196.068,idle,,3834,4489,42,4,270,29.92
1790902197.119,idle,,4103,4674,42,0,210,29.92
1790902198.194,idle,,4183,4714,41,0,210,29.92
1790902199.245,idle,,4144,4693,41,0,210,29.92
1790902200.300,idle,,3953,4721,41,3,210,29.93
1790902201.354,idle,,2675,4608,41,0,210,29.94
1790902202.399,idle,,4067,4725,41,0,210,29.95
1790902203.463,idle,,4287,4767,41,0,210,29.92
1790902204.510,idle,,4070,4700,41,2,210,29.92
1790902205.569,idle,,3564,4736,41,0,210,29.92
1790902206.616,idle,,4146,4794,41,5,210,29.93
1790902207.667,idle,,4162,4658,41,6,210,29.92
1790902208.713,idle,,4132,4705,41,5,210,29.92
1790902209.757,idle,,4311,4839,41,3,210,29.92
1790902210.806,idle,,4293,4747,41,6,210,29.91
1790902211.852,idle,,2732,4444,41,5,210,29.92
1790902212.900,idle,,3666,4783,41,6,210,29.91
1790902213.948,idle,,4291,4793,41,6,210,29.91
1790902214.996,idle,,3253,4923,41,6,210,29.92
1790902216.045,idle,,3483,4727,41,6,210,29.93
1790902217.088,idle,,3235,4538,41,6,210,29.95
1790902218.129,idle,,3056,4416,40,0,210,29.95
1790902219.182,idle,,3284,4767,40,0,210,29.95
1790902220.229,idle,,3201,4626,40,0,210,29.96
1790902221.275,idle,,3330,4527,40,2,210,29.96
1790902222.321,r,,2957,4476,40,2,210,30.06
1790902223.370,r,,2645,4462,40,0,210,30.14
1790902224.433,r,,3307,4417,42,0,1950,30.15
1790902225.478,r,,0,4321,43,0,1950,30.08
1790902226.525,r,,3340,4082,43,0,1950,30.10
1790902227.580,r,,3258,4181,43,0,1950,30.08
1790902228.638,r,,3238,4355,43,0,1950,30.05
1790902229.681,r,,2805,4280,43,0,1950,30.09
1790902230.722,r,,3262,4381,42,2,315,30.10
1790902231.764,r,,3378,4526,41,0,210,30.55
1790902232.813,r,,2837,4178,41,0,210,30.85
1790902233.864,r,,2663,4222,41,0,210,30.67
1790902234.923,r,,3398,4526,41,0,210,30.31
1790902235.982,r,,3325,4526,41,0,210,30.33
1790902237.038,r,,3128,4753,41,1,210,30.64
1790902238.085,r,,3141,4790,41,1,210,30.63
1790902239.134,r,,3482,4694,41,3,210,30.66
1790902240.186,r,,3408,4839,41,0,210,30.13
1790902241.235,r,,3630,4793,41,0,210,30.21
1790902242.291,r,,3625,4688,41,0,210,30.33
1790902243.345,r,,3342,4173,41,0,210,30.44
1790902244.397,r,,3121,4360,41,0,210,30.48
1790902245.447,r,,3436,4558,41,0,210,30.58
1790902246.493,r,,3399,4540,41,0,210,30.72
1790902247.561,r,,3361,4294,41,2,210,30.82
1790902248.626,r,,3425,4379,41,2,210,30.82
1790902249.695,r,,3324,4398,41,0,210,30.87
1790902250.738,r,,3121,4271,41,0,210,30.87
1790902251.808,r,,3363,4363,41,0,210,30.85
1790902252.862,r,,3295,4518,41,0,210,30.89
1790902253.902,r,,3217,4410,41,0,210,30.94
1790902254.947,r,,2679,4474,41,0,210,30.94
1790902256.011,r,,3476,4670,41,0,210,30.93
1790902257.057,r,,3589,4533,41,2,210,30.95
1790902258.112,r,,3570,4595,40,0,210,30.94
1790902259.168,r,,3595,4514,40,0,210,31.02
1790902260.229,r,,3245,4601,40,2,210,31.07
1790902261.291,r,,3506,4547,40,0,210,31.08
1790902262.339,r,,3509,4376,40,0,210,31.11
1790902263.386,r,,3472,4320,40,0,210,31.06
1790902264.449,r,,3163,4361,40,0,210,31.14
1790902265.499,r,,2526,4227,40,2,210,31.13
1790902266.552,r,,3290,4285,40,2,210,31.15
1790902267.603,r,,3512,4235,40,0,210,31.13
1790902268.653,r,,3478,4361,40,0,210,31.10
1790902269.698,r,,3394,4339,40,0,210,31.14
1790902270.765,r,,3010,4318,40,0,210,31.17
1790902271.835,r,,3061,4346,40,0,210,31.22
1790902272.883,r,,3151,4254,40,0,210,31.14
1790902273.930,r,,3339,4189,40,4,210,31.11
1790902274.979,r,,3562,4237,40,3,210,31.00
1790902276.025,r,,2691,4007,40,0,210,31.09
1790902277.071,r,,3318,4083,40,0,210,30.88
1790902278.142,r,,3376,3621,40,0,210,31.61
1790902279.245,r,,3400,3969,40,1,210,31.01
1790902280.306,r,,3879,4566,41,1,210,31.11
1790902281.348,r,,3906,4615,41,1,210,31.13
1790902282.400,r,,3864,4380,40,1,210,31.13
1790902283.438,r,,4042,4422,40,3,210,31.13
1790902284.479,r,,3895,4444,40,4,210,31.14
1790902285.529,r,,3873,4390,40,2,210,31.14
1790902286.588,r,,2802,4196,40,0,210,31.16
1790902287.667,r,,4038,4393,40,0,210,31.14
1790902288.712,r,,4078,4436,40,0,210,31.14
1790902289.760,r,,4184,4441,40,0,210,31.15
1790902290.822,r,,3532,4515,40,0,210,31.16
1790902291.869,r,,3993,4434,40,0,210,31.16
1790902292.915,r,,4121,4499,40,2,210,31.15
1790902293.962,r,,3950,4429,40,2,210,31.17
1790902295.025,r,,3961,4421,40,0,210,31.17
1790902296.079,r,,3770,4398,40,0,210,31.18
1790902297.119,r,,2856,4363,40,0,210,31.18
1790902298.168,r,,3930,4491,40,0,210,31.18
1790902299.212,r,,4082,4589,40,0,210,31.18
1790902300.259,r,,3980,4467,40,0,210,31.19
1790902301.306,r,,3882,4535,40,0,210,31.19
1790902302.366,r,,4092,4490,40,2,210,31.17
1790902303.400,r,,4066,4386,40,0,210,31.17
1790902304.447,r,,4068,4443,40,0,210,31.18
1790902305.498,r,,3925,4475,40,0,210,31.19
1790902306.549,r,,4149,4501,40,0,210,31.09
1790902307.603,r,,2790,4446,40,1,210,31.13
1790902308.654,r,,3325,4400,40,0,210,31.13
1790902309.711,r,,3577,4342,40,0,210,31.34
1790902310.791,r,,3710,4187,40,2,210,31.13
1790902311.853,r,,4170,4503,40,2,210,31.13
1790902312.916,r,,3831,4460,40,0,210,31.16
1790902313.967,r,,3819,4455,40,0,210,31.15
1790902315.010,r,,4099,4619,40,0,210,31.16
1790902316.057,r,,3878,4562,40,0,210,31.26
1790902317.102,r,,3738,4421,40,0,210,31.33
1790902318.150,r,,3256,4411,40,0,210,31.24
1790902319.209,r,,2974,4172,40,2,210,31.28
1790902320.274,r,,3958,4572,40,4,210,31.27
1790902321.333,r,,4212,4635,40,0,210,31.28
1790902322.372,r,,4089,4549,40,0,210,31.35
1790902323.425,r,,4149,4549,40,0,210,31.34
1790902324.470,r,,4177,4558,40,0,210,31.36
1790902325.520,r,,3894,4727,40,0,210,31.38
1790902326.572,r,,4072,4611,40,0,210,31.43
1790902327.612,r,,4080,4571,40,0,210,31.39
1790902328.663,r,,3474,4531,40,2,210,31.39
1790902329.703,r,,3123,4483,40,0,210,31.41
1790902330.747,r,,4199,4616,40,0,210,31.42
1790902331.812,r,,4225,4635,40,0,210,31.47
1790902332.864,r,,4031,4584,40,0,210,31.45
1790902333.913,r,,4251,4640,40,0,210,31.46
1790902334.978,r,,4213,4644,40,0,210,31.47
1790902336.022,r,,4125,4628,40,0,210,31.50
1790902337.092,r,,4259,4631,40,2,210,31.53
1790902338.149,r,,4195,4543,40,3,210,31.53
1790902339.196,r,,3071,4470,40,0,210,31.56
1790902340.256,r,,2739,4457,40,1,210,31.57
1790902341.306,r,,4091,4632,40,0,210,31.61
1790902342.364,r,,4273,4611,40,0,210,31.62
1790902343.403,r,,4234,4608,40,2,210,31.63
1790902344.463,r,,4215,4618,40,1,210,31.65
1790902345.510,r,,3628,4522,40,3,210,31.75
1790902346.559,r,,3345,4469,40,3,210,31.80
1790902347.603,r,,3110,4461,40,1,210,31.80
1790902348.653,r,,3820,4417,40,1,210,31.70
1790902349.694,r,,4037,4647,40,1,210,31.18
1790902350.743,r,,2887,4562,40,1,210,31.32
1790902351.791,r,,4066,4487,40,1,210,31.39
1790902352.838,r,,3942,4439,40,1,210,31.47
1790902353.900,r,,3907,4630,40,1,210,31.37
1790902354.948,r,,3548,4840,40,3,210,31.03
1790902355.995,r,,4076,5027,40,2,210,30.91
1790902357.059,r,,3378,4880,40,0,210,30.92
1790902358.103,r,,4147,4970,40,0,210,30.90
1790902359.143,r,,4330,4987,40,0,210,30.90
1790902360.197,r,,4413,5038,40,0,210,30.90
1790902361.246,r,,2746,4736,40,2,210,30.93
1790902362.295,r,,4380,5016,40,1,210,30.93
1790902363.338,r,,4209,4933,40,4,210,30.93
1790902364.385,r,,3895,4849,40,4,210,30.98
1790902365.431,r,,3505,4307,40,2,210,31.08
1790902366.478,r,,3728,4307,40,6,210,31.55
1790902367.524,r,,3779,4495,40,6,210,31.59
1790902368.575,r,,3769,4534,40,4,210,31.68
1790902369.626,r,,3364,4576,40,0,210,31.66
1790902370.682,r,,3253,4656,40,0,210,31.67
1790902371.728,r,,2591,4493,40,2,210,31.69
1790902372.776,r,,3744,4503,40,2,210,31.69
1790902373.823,r,,3975,4890,40,0,210,31.70
1790902374.879,r,,3445,4669,40,0,210,31.70
1790902375.930,r,,2936,4671,40,2,210,31.74
1790902376.978,r,,3031,4592,40,2,210,31.76
1790902378.020,r,,3394,4529,40,1,210,31.74
1790902379.071,r,,3410,4454,40,0,210,31.77
1790902380.131,r,,2891,4753,40,10,210,31.76
1790902381.196,r,,2901,4648,40,9,210,31.76
1790902382.248,r,,2493,4741,40,6,210,31.79
1790902383.291,r,,2551,4664,40,8,210,31.79
1790902384.333,r,,2653,4755,40,10,210,31.78
1790902385.387,r,,2980,4563,40,14,210,31.84
1790902386.440,r,,2819,4740,40,11,210,31.84
1790902387.498,r,,2832,4798,40,10,210,31.85
1790902388.546,r,,2861,4723,40,10,210,31.84
1790902389.590,r,,2907,4604,40,9,210,31.82
1790902390.642,r,,2858,4544,41,23,210,31.84
1790902391.697,r,,2922,4772,41,0,210,31.70
1790902392.747,r,,2503,4664,41,2,210,31.65
1790902393.799,r,,2920,4417,41,2,210,31.70
1790902394.845,r,,3037,4605,41,2,210,31.65
1790902395.902,r,,2927,4462,41,1,210,31.65
1790902396.950,r,,2760,4614,41,0,210,31.67
1790902397.998,r,,2911,4569,41,0,210,31.66
1790902399.056,r,,2904,4688,41,0,210,31.66
1790902400.106,r,,2815,4503,41,1,210,31.67
1790902401.165,r,,2653,4423,41,1,210,31.66
1790902402.199,r,,2670,4358,41,1,210,31.67
1790902403.263,r,,2690,4482,41,3,210,31.69
1790902404.307,r,,2642,4503,41,1,210,31.69
1790902405.363,r,,2889,4532,41,1,210,31.70
1790902406.401,r,,2989,4667,41,1,210,31.71
1790902407.447,r,,2903,4529,41,1,210,31.71
1790902408.495,r,,3098,4445,41,1,210,31.74
1790902409.552,r,,3031,4222,41,1,210,31.79
1790902410.596,r,,2701,4275,41,1,210,31.77
1790902411.664,r,,2341,4237,41,2,210,31.79
1790902412.714,r,,2494,4127,41,0,210,31.80
1790902413.765,r,,2929,4173,41,0,210,31.84
1790902414.828,r,,2778,4192,41,0,210,31.86
1790902415.868,r,,3119,4373,41,0,210,31.88
1790902416.905,r,,3751,4707,41,0,210,32.56
1790902417.998,r,,3761,4320,41,4,210,31.89
1790902419.046,r,,3356,4218,41,6,210,31.95
1790902420.100,r,,3408,4133,41,2,210,32.03
1790902421.164,r,,3384,4247,41,2,210,32.00
1790902422.224,r,,3418,4563,41,2,210,31.98
1790902423.258,r,,3153,4193,41,2,210,32.05
1790902424.304,r,,3151,4008,41,2,210,32.09
1790902425.364,r,,2846,4260,41,2,210,32.06
1790902426.416,r,,3709,4706,41,2,210,32.00
1790902427.465,r,,4082,4990,41,2,210,31.99
1790902428.509,r,,3803,4694,41,0,210,32.05
1790902429.556,r,,3451,4527,41,0,210,31.90
1790902430.602,r,,3323,4752,41,0,210,31.87
1790902431.662,r,,2826,4777,41,0,210,31.86
1790902432.715,r,,2745,4803,41,0,210,31.87
1790902433.758,r,,2793,4793,41,0,210,31.88
1790902434.807,r,,2850,4465,41,0,210,31.88
1790902435.851,r,,2356,4848,41,0,210,31.89
1790902436.901,r,,2880,4836,41,0,210,31.89
1790902437.948,r,,3011,4708,41,0,210,31.88
1790902438.998,r,,2951,4843,41,0,210,31.89
1790902440.049,r,,2808,4652,41,0,210,31.92
1790902441.104,r,,2796,4472,41,0,210,32.02
1790902442.150,r,,2697,4701,41,0,210,32.04
1790902443.197,r,,2701,4799,41,0,210,32.14
1790902444.260,r,,2912,4750,41,0,210,32.12
1790902445.305,r,,2865,4706,41,0,210,32.13
1790902446.369,r,,2342,4560,41,0,210,32.15
1790902447.416,r,,2912,4581,41,0,210,32.15
1790902448.464,r,,2733,4569,41,0,210,32.11
1790902449.511,r,,2619,4928,41,0,210,32.12
1790902450.559,r,,2697,4924,41,0,210,32.12
1790902451.605,r,,3004,4807,41,0,210,32.10
1790902452.674,r,,3216,4544,41,0,210,32.10
1790902453.747,r,,3102,4051,41,0,210,32.10
1790902454.808,r,,3188,4378,41,0,210,32.09
1790902455.858,r,,3125,4517,41,0,210,32.14
1790902456.914,r,,2574,4326,41,1,210,32.12
1790902457.963,r,,2963,4481,41,1,210,32.08
1790902459.010,r,,3223,4396,41,1,210,32.08
1790902460.056,r,,3127,4489,41,1,210,32.11
1790902461.107,r,,3055,4380,41,1,210,32.13
1790902462.150,r,,3309,4283,41,0,210,32.17
1790902463.214,r,,3125,4020,41,0,210,32.21
1790902464.259,r,,2938,4141,41,0,210,32.21
1790902465.312,r,,3138,4297,41,0,210,31.97
1790902466.370,r,,3163,4406,41,0,210,31.90
1790902467.431,r,,2846,4222,41,0,210,31.92
1790902468.494,r,,3111,4253,41,0,210,31.98
1790902469.542,r,,3272,4142,41,0,210,32.04
1790902470.606,r,,3286,4188,41,0,210,32.16
1790902471.651,r,,3242,4394,41,0,210,32.28
1790902472.697,r,,4082,4898,41,0,210,32.27
1790902473.742,r,,3643,4711,41,0,210,32.30
1790902474.807,r,,3785,4464,41,0,210,32.36
1790902475.853,r,,3566,4511,41,0,210,32.42
1790902476.899,r,,3455,4747,41,0,210,32.30
1790902477.950,r,,2904,4793,41,0,210,32.29
1790902479.010,r,,2723,4806,41,0,210,32.28
1790902480.056,r,,3263,4669,41,0,210,32.28
1790902481.112,r,,3319,4637,41,0,210,32.36
1790902482.153,r,,3201,4708,41,0,210,32.29
1790902483.199,r,,2986,4808,41,0,210,32.29
1790902484.247,r,,2887,4638,41,0,210,32.30
1790902485.293,r,,2960,4904,41,0,210,32.29
1790902486.351,r,,3034,4634,41,0,210,32.31
1790902487.420,r,,2935,4670,41,0,210,32.28
1790902488.481,r,,2854,4633,41,0,210,32.29
1790902489.539,r,,2702,4520,41,0,210,32.31
1790902490.587,r,,3522,4335,41,0,210,32.32
1790902491.633,r,,3845,4109,41,0,210,32.32
1790902492.687,r,,3231,4646,41,3,210,32.32
1790902493.729,r,,3649,4786,41,4,210,32.31
1790902494.790,r,,3350,4841,41,5,210,32.31
1790902495.842,r,,3360,4292,41,4,210,32.34
1790902496.900,r,,3626,4297,41,6,210,32.34
1790902497.961,r,,3500,4215,40,5,210,32.42
1790902499.011,r,,3227,4205,40,6,210,32.50
1790902500.073,r,,2712,4301,40,7,210,32.55
1790902501.119,r,,3267,4456,41,8,210,32.47
1790902502.168,r,,3783,4552,41,0,210,32.37
1790902503.216,r,,3413,4489,41,0,210,33.53
1790902504.275,r,,3818,4487,41,0,210,34.62
1790902505.325,r,,4034,4695,41,0,210,34.62
1790902506.371,r,,2825,4616,41,1,210,34.34
1790902507.415,r,,2713,4626,41,1,210,34.67
1790902508.475,r,,3034,4567,41,1,210,34.19
1790902509.534,r,,3033,4604,41,1,210,35.21
1790902510.588,r,,2663,4672,41,1,210,34.85
1790902511.646,r,,2976,4630,41,0,210,34.62
1790902512.699,r,,3368,4292,41,0,210,34.50
1790902513.790,r,,3403,3644,41,7,210,35.09
1790902514.895,r,,3076,4062,41,1,210,35.46
1790902515.933,r,,2896,4435,41,0,210,36.37
1790902516.984,r,,2934,4492,41,0,210,36.01
1790902518.026,r,,3240,4724,41,0,210,34.72
1790902519.067,r,,3360,4639,41,0,210,34.72
1790902520.108,r,,3223,4732,41,0,210,34.61
1790902521.162,r,,2523,4821,41,1,210,34.52
1790902522.214,r,,3062,4539,41,1,210,34.57
1790902523.261,r,,2952,4382,41,1,210,35.12
1790902524.320,r,,2849,4480,41,1,210,35.36
1790902525.368,r,,3017,4129,41,1,210,32.65
1790902526.421,r,,3246,4224,41,1,210,35.39
1790902527.471,r,,3195,4032,41,1,210,32.69
1790902528.510,r,,3354,4326,41,1,210,35.88
1790902529.568,r,,3441,4108,41,1,210,38.73
1790902530.643,r,,3321,4173,41,1,210,33.23
1790902531.697,r,,2758,4265,41,3,210,34.69
1790902532.755,r,,3424,4406,41,3,210,39.93
1790902533.806,r,,3344,4419,41,6,210,43.19
1790902534.855,r,,2707,4029,41,11,210,44.62
1790902535.917,r,,2662,4323,41,6,210,44.51
1790902536.962,r,,2538,4476,41,62,210,32.47
1790902538.019,r,,2572,4224,57,54,2400,32.48
1790902539.072,r,,2571,4689,56,18,2400,32.50
1790902540.117,r,,2619,4678,47,5,2400,32.46
1790902541.165,r,,2563,4774,44,0,1065,32.47
1790902542.212,r,,2456,4633,44,26,1065,32.70
1790902543.254,r,,2866,4499,43,0,405,32.53
1790902544.286,r,,2729,4574,42,0,285,33.86
1790902545.351,r,,2852,4353,42,32,450,33.49
1790902546.403,r,,2910,4524,42,81,990,33.48
1790902547.447,r,,2717,4640,43,13,1050,33.50
1790902548.495,r,,2808,4479,43,86,885,33.56
1790902549.539,r,,2630,4633,44,0,1950,32.49
1790902550.581,r,,2694,4600,44,1,1020,32.76
1790902551.643,r,,2860,4627,43,25,1365,33.19
1790902552.705,r,,2652,4503,44,0,1365,33.51
1790902553.761,idle,,2511,4801,43,0,555,32.02
1790902554.806,idle,,2635,4688,42,0,345,32.02
1790902555.853,idle,,2551,4799,42,3,225,32.01
1790902556.900,idle,,2373,4803,42,0,210,31.98
1790902557.950,idle,,2495,4902,42,0,210,31.97
1790902558.994,idle,,2496,4923,42,0,210,31.98
1790902560.045,idle,,2536,4875,42,0,210,31.98
1790902561.088,idle,,2533,4916,42,0,210,31.99
1790902562.135,idle,,2682,4889,42,0,210,32.02
1790902563.199,idle,,2506,4813,41,0,210,32.01
1790902564.251,idle,,2473,4662,41,0,210,32.03
1790902565.293,idle,,2596,4700,41,0,210,32.03
1790902566.356,idle,,2747,4709,41,0,210,32.04
1790902567.402,idle,,2557,4431,41,0,210,32.05
1790902568.445,idle,,2670,4557,41,0,210,32.03
1790902569.494,idle,,2712,4239,41,0,210,32.04
1790902570.540,idle,,2847,4257,41,0,210,32.09
1790902571.610,idle,,2740,4479,41,0,210,31.91
1790902572.667,idle,,2561,4616,41,0,210,31.95
1790902573.713,idle,,2603,4339,41,0,210,32.02
1790902574.771,idle,,2631,4270,41,0,210,31.93
1790902575.837,idle,,3318,4027,41,0,210,32.99
1790902576.900,idle,,2659,4468,41,0,210,31.91
1790902577.947,idle,,2707,4317,41,1,210,31.92
1790902578.999,idle,,2613,4431,41,1,210,31.92
1790902580.043,idle,,2462,4667,41,1,210,31.96
1790902581.092,idle,,2569,4528,41,1,210,31.89
1790902582.151,idle,,2571,4789,41,0,210,31.90
1790902583.197,js,,2889,4671,41,5,1950,31.98
1790902584.259,js,,2751,4232,44,0,1950,32.11
1790902585.307,js,,2399,4815,44,0,1950,32.07
1790902586.355,js,,2743,4526,43,0,375,32.06
1790902587.401,js,,2846,4564,42,0,240,32.07
1790902588.447,js,,2609,4722,42,0,210,32.13
1790902589.493,js,,2583,4779,42,0,210,32.15
1790902590.526,js,,2722,4721,42,0,210,32.15
1790902591.573,js,,2570,4624,42,0,210,32.20
1790902592.617,js,,2601,4701,42,0,210,32.18
1790902593.681,js,,2512,4239,41,0,210,32.16
1790902594.729,js,,2538,4114,41,0,210,32.22
1790902595.775,js,,2394,3982,41,0,210,32.29
1790902596.838,js,,2655,3952,41,0,210,32.35
1790902597.884,js,,2821,4474,41,0,210,32.67
1790902598.931,js,,2661,4411,41,0,210,32.61
1790902599.980,js,,2718,4334,41,0,210,32.63
1790902601.043,js,,2778,4168,41,0,210,32.66
1790902602.091,js,,2729,4287,41,0,210,32.84
1790902603.150,js,,2590,4214,41,0,210,32.88
1790902604.197,js,,2781,4111,41,0,210,32.87
1790902605.251,js,,2703,4141,41,0,210,32.99
1790902606.307,js,,2482,4230,41,0,210,32.99
1790902607.368,js,,2689,4291,41,0,210,33.01
1790902608.416,js,,2683,4293,41,0,210,32.93
1790902609.463,js,,2600,4426,41,0,210,32.93
1790902610.520,js,,2839,4108,41,0,210,32.99
1790902611.572,js,,2682,4377,41,0,210,32.86
1790902612.619,js,,2764,4452,41,0,210,32.85
1790902613.666,js,,2643,4706,41,0,210,32.82
1790902614.712,js,,2666,4421,41,0,210,32.82
1790902615.763,js,,2676,4439,41,0,210,32.81
1790902616.809,js,,2533,4501,41,0,210,32.69
1790902617.884,js,,2678,4365,41,0,210,32.75
1790902618.972,js,,2684,4136,41,0,210,32.53
1790902620.025,js,,2652,4382,41,0,210,32.53
1790902621.072,js,,2727,4264,41,0,210,32.55
1790902622.134,js,,2764,4267,41,0,210,32.55
1790902623.190,js,,2749,4081,41,0,210,32.75
1790902624.245,js,,2713,3954,41,0,210,32.51
1790902625.294,js,,2752,3981,41,1,210,32.58
1790902626.353,js,,2782,4144,41,1,210,32.55
1790902627.400,js,,2650,4146,41,1,210,32.60
1790902628.463,js,,3342,3730,41,1,210,33.02
1790902629.541,js,,3300,3535,42,0,210,32.96
1790902630.811,js,,3484,3662,42,0,210,32.98
1790902632.036,js,,3083,3329,42,0,210,33.00
1790902633.103,js,,2708,4194,42,0,210,35.00
1790902634.166,js,,2827,4107,42,1,210,35.48
1790902635.228,js,,2866,4396,42,0,210,33.96
1790902636.284,js,,2814,4384,42,0,210,34.77
1790902637.340,js,,3087,4296,42,0,210,34.76
1790902638.400,js,,2707,4532,42,0,210,34.24
1790902639.450,js,,2953,4711,42,0,210,34.14
1790902640.496,js,,2841,4577,42,0,210,32.82
1790902641.553,js,,2824,4486,42,2,210,32.92
1790902642.604,js,,2994,4595,42,2,210,35.95
1790902643.660,js,,3037,4339,42,2,210,35.99
1790902644.712,js,,3098,4195,42,2,210,39.93
1790902645.769,js,,3075,4019,42,2,210,31.91
1790902646.837,js,,3085,3890,62,66,2310,31.96
1790902647.888,js,,3076,3896,51,10,2400,31.97
1790902648.945,js,,2790,4270,48,43,2415,32.66
1790902649.999,js,,2968,4565,46,41,1980,32.88
1790902651.040,idle,,2660,4525,47,0,2415,31.67
1790902652.078,idle,,2755,4449,47,1,2415,31.72
