run_id,batch,language,mode,category,test,style,threads,size,rep,seconds,work,unit,rate,check
js_20261002-131335,20261002-130758,JavaScript,full,cpu_single,scalar_loop,loop,1,500000000,1,0.7022114850000001,500000000,iter,712036203.7371119,7453559913819.1719
js_20261002-131335,20261002-130758,JavaScript,full,cpu_single,scalar_loop,loop,1,500000000,2,0.6886393980000001,500000000,iter,726069407.9544952,7453559913819.1719
js_20261002-131335,20261002-130758,JavaScript,full,cpu_single,scalar_loop,loop,1,500000000,3,0.680770857,500000000,iter,734461522.3445148,7453559913819.1719
js_20261002-131335,20261002-130758,JavaScript,full,cpu_single,scalar_loop,loop,1,500000000,4,0.6890971050000003,500000000,iter,725587143.4839358,7453559913819.1719
js_20261002-131335,20261002-130758,JavaScript,full,cpu_single,scalar_loop,loop,1,500000000,5,0.7043153820000002,500000000,iter,709909243.470136,7453559913819.1719
js_20261002-131335,20261002-130758,JavaScript,full,cpu_single,mandelbrot,loop,1,3000,1,0.8055161269999999,9000000,px,11172960.662524391,263068474
js_20261002-131335,20261002-130758,JavaScript,full,cpu_single,mandelbrot,loop,1,3000,2,0.82809519,9000000,px,10868315.754859053,263068474
js_20261002-131335,20261002-130758,JavaScript,full,cpu_single,mandelbrot,loop,1,3000,3,0.8083552900000004,9000000,px,11133718.194631962,263068474
js_20261002-131335,20261002-130758,JavaScript,full,cpu_single,mandelbrot,loop,1,3000,4,0.8148113550000007,9000000,px,11045501.44615988,263068474
js_20261002-131335,20261002-130758,JavaScript,full,cpu_single,mandelbrot,loop,1,3000,5,0.8399267739999996,9000000,px,10715219.800815642,263068474
js_20261002-131335,20261002-130758,JavaScript,full,cpu_single,fib_recursive,loop,1,40,1,1.4272359319999997,331160281,call,232029108.55526307,102334155
js_20261002-131335,20261002-130758,JavaScript,full,cpu_single,fib_recursive,loop,1,40,2,1.4003148359999995,331160281,call,236489875.3382915,102334155
js_20261002-131335,20261002-130758,JavaScript,full,cpu_single,fib_recursive,loop,1,40,3,1.39435131,331160281,call,237501323.1062981,102334155
js_20261002-131335,20261002-130758,JavaScript,full,cpu_single,fib_recursive,loop,1,40,4,1.391789961999999,331160281,call,237938403.09361294,102334155
js_20261002-131335,20261002-130758,JavaScript,full,cpu_single,fib_recursive,loop,1,40,5,1.4050869719999974,331160281,call,235686678.19090745,102334155
js_20261002-131335,20261002-130758,JavaScript,full,cpu_single,vector_math,vectorized,1,50000000,1,0.21060005699999965,50000000,elem,237416839.82545212,20049999973.636482
js_20261002-131335,20261002-130758,JavaScript,full,cpu_single,vector_math,vectorized,1,50000000,2,0.21708865499999958,50000000,elem,230320649.4139461,20049999973.636482
js_20261002-131335,20261002-130758,JavaScript,full,cpu_single,vector_math,vectorized,1,50000000,3,0.22010287999999856,50000000,elem,227166495.95861867,20049999973.636482
js_20261002-131335,20261002-130758,JavaScript,full,cpu_single,vector_math,vectorized,1,50000000,4,0.259308771,50000000,elem,192820319.21704647,20049999973.636482
js_20261002-131335,20261002-130758,JavaScript,full,cpu_single,vector_math,vectorized,1,50000000,5,0.21412370999999986,50000000,elem,233509871.4663595,20049999973.636482
js_20261002-131335,20261002-130758,JavaScript,full,cpu_single,sort,builtin,1,20000000,1,2.1794557810000006,20000000,item,9176602.789721841,1.4999999552965164
js_20261002-131335,20261002-130758,JavaScript,full,cpu_single,sort,builtin,1,20000000,2,2.158748459999999,20000000,item,9264627.33874979,1.4999999552965164
js_20261002-131335,20261002-130758,JavaScript,full,cpu_single,sort,builtin,1,20000000,3,2.239186809999999,20000000,item,8931813.956156703,1.4999999552965164
js_20261002-131335,20261002-130758,JavaScript,full,cpu_single,sort,builtin,1,20000000,4,2.214370386999999,20000000,item,9031912.69058459,1.4999999552965164
js_20261002-131335,20261002-130758,JavaScript,full,cpu_single,sort,builtin,1,20000000,5,2.177083173000003,20000000,item,9186603.547369374,1.4999999552965164
js_20261002-131335,20261002-130758,JavaScript,full,cpu_single,hashmap,builtin,1,5000000,1,1.5497773349999988,10000000,op,6452539.841796053,12499997500000
js_20261002-131335,20261002-130758,JavaScript,full,cpu_single,hashmap,builtin,1,5000000,2,1.460825413999999,10000000,op,6845444.9821065385,12499997500000
js_20261002-131335,20261002-130758,JavaScript,full,cpu_single,hashmap,builtin,1,5000000,3,1.4675151750000004,10000000,op,6814239.586994388,12499997500000
js_20261002-131335,20261002-130758,JavaScript,full,cpu_single,hashmap,builtin,1,5000000,4,1.439881742000005,10000000,op,6945014.794138535,12499997500000
js_20261002-131335,20261002-130758,JavaScript,full,cpu_single,hashmap,builtin,1,5000000,5,1.4482066610000037,10000000,op,6905091.841722978,12499997500000
js_20261002-131335,20261002-130758,JavaScript,full,cpu_single,string_ops,builtin,1,2000000,1,0.8457781340000001,2000000,item,2364686.339833893,1999999000000
js_20261002-131335,20261002-130758,JavaScript,full,cpu_single,string_ops,builtin,1,2000000,2,0.7399391160000014,2000000,item,2702925.087690588,1999999000000
js_20261002-131335,20261002-130758,JavaScript,full,cpu_single,string_ops,builtin,1,2000000,3,0.7505546759999997,2000000,item,2664695.94281763,1999999000000
js_20261002-131335,20261002-130758,JavaScript,full,cpu_single,string_ops,builtin,1,2000000,4,0.7690904329999976,2000000,item,2600474.4230123665,1999999000000
js_20261002-131335,20261002-130758,JavaScript,full,cpu_single,string_ops,builtin,1,2000000,5,0.7315365229999952,2000000,item,2733971.4930405645,1999999000000
js_20261002-131335,20261002-130758,JavaScript,full,cpu_multi,parallel_mandelbrot,parallel,1,4000,1,1.5574944389999945,16000000,px,10272909.873291725,467625901
js_20261002-131335,20261002-130758,JavaScript,full,cpu_multi,parallel_mandelbrot,parallel,2,4000,1,0.7588757400000031,16000000,px,21083820.652904168,467625901
js_20261002-131335,20261002-130758,JavaScript,full,cpu_multi,parallel_mandelbrot,parallel,4,4000,1,0.4239034810000012,16000000,px,37744441.16914424,467625901
js_20261002-131335,20261002-130758,JavaScript,full,cpu_multi,parallel_mandelbrot,parallel,8,4000,1,0.20516690600000584,16000000,px,77985286.76939519,467625901
js_20261002-131335,20261002-130758,JavaScript,full,cpu_multi,parallel_mandelbrot,parallel,10,4000,1,0.1653340790000002,16000000,px,96773757.09093817,467625901
js_20261002-131335,20261002-130758,JavaScript,full,cpu_multi,parallel_mandelbrot,parallel,20,4000,1,0.13062904300000083,16000000,px,122484247.24354674,467625901
js_20261002-131335,20261002-130758,JavaScript,full,cpu_multi,matmul_blas,blas,20,4096,1,0.18431392400000185,137438953472,FLOP,745678625300.1625,17179869769.913185
js_20261002-131335,20261002-130758,JavaScript,full,cpu_multi,matmul_blas,blas,20,4096,2,0.20682449400000041,137438953472,FLOP,664519713375.9202,17179869769.913185
js_20261002-131335,20261002-130758,JavaScript,full,cpu_multi,matmul_blas,blas,20,4096,3,0.189546500000004,137438953472,FLOP,725093596937.9392,17179869769.913185
js_20261002-131335,20261002-130758,JavaScript,full,cpu_multi,matmul_blas,blas,20,4096,4,0.18933338099999675,137438953472,FLOP,725909782765.6833,17179869769.913185
js_20261002-131335,20261002-130758,JavaScript,full,cpu_multi,matmul_blas,blas,20,4096,5,0.18143115899999976,137438953472,FLOP,757526734820.672,17179869769.913185
js_20261002-131335,20261002-130758,JavaScript,full,ram,mem_copy,builtin,1,1024,1,0.10215740699999878,2147483648,B,21021321028.63599,0.17875446379184723
js_20261002-131335,20261002-130758,JavaScript,full,ram,mem_copy,builtin,1,1024,2,0.09586215200000152,2147483648,B,22401788434.70952,0.17875446379184723
js_20261002-131335,20261002-130758,JavaScript,full,ram,mem_copy,builtin,1,1024,3,0.10666792100000021,2147483648,B,20132422455.29465,0.17875446379184723
js_20261002-131335,20261002-130758,JavaScript,full,ram,mem_copy,builtin,1,1024,4,0.09614148899999418,2147483648,B,22336700526.867542,0.17875446379184723
js_20261002-131335,20261002-130758,JavaScript,full,ram,mem_copy,builtin,1,1024,5,0.0958247459999984,2147483648,B,22410533162.27977,0.17875446379184723
js_20261002-131335,20261002-130758,JavaScript,full,ram,mem_triad,vectorized,1,1024,1,0.2718361440000008,3221225472,B,11849879212.53029,7
js_20261002-131335,20261002-130758,JavaScript,full,ram,mem_triad,vectorized,1,1024,2,0.27240809900000024,3221225472,B,11824998903.575172,7
js_20261002-131335,20261002-130758,JavaScript,full,ram,mem_triad,vectorized,1,1024,3,0.23689412099999754,3221225472,B,13597743407.064262,7
js_20261002-131335,20261002-130758,JavaScript,full,ram,mem_triad,vectorized,1,1024,4,0.2367903559999977,3221225472,B,13603702137.261162,7
js_20261002-131335,20261002-130758,JavaScript,full,ram,mem_triad,vectorized,1,1024,5,0.23713988300000347,3221225472,B,13583651266.286375,7
js_20261002-131335,20261002-130758,JavaScript,full,ram,mem_gather,vectorized,1,2048,1,1.2356639419999993,67108864,access,54309963.83319247,33554449.610065266
js_20261002-131335,20261002-130758,JavaScript,full,ram,mem_gather,vectorized,1,2048,2,1.2591604889999943,67108864,access,53296513.49947997,33554449.610065266
js_20261002-131335,20261002-130758,JavaScript,full,ram,mem_gather,vectorized,1,2048,3,1.1171787630000036,67108864,access,60069942.450203724,33554449.610065266
js_20261002-131335,20261002-130758,JavaScript,full,ram,mem_gather,vectorized,1,2048,4,1.1177279280000003,67108864,access,60040428.729450144,33554449.610065266
js_20261002-131335,20261002-130758,JavaScript,full,ram,mem_gather,vectorized,1,2048,5,1.1360168909999993,67108864,access,59073825.86620364,33554449.610065266
js_20261002-131335,20261002-130758,JavaScript,full,ram,mem_alloc,builtin,1,1,1,0.5758326929999966,2147483648,B,3729353463.437361,134217728
js_20261002-131335,20261002-130758,JavaScript,full,ram,mem_alloc,builtin,1,2,1,0.945615171999998,4294967296,B,4541982217.688031,268435456
js_20261002-131335,20261002-130758,JavaScript,full,ram,mem_alloc,builtin,1,4,1,1.799909786999997,8589934592,B,4772425070.434941,536870912
js_20261002-131335,20261002-130758,JavaScript,full,ram,mem_alloc,builtin,1,8,1,3.5946055239999986,17179869184,B,4779347572.159355,1073741824
js_20261002-131335,20261002-130758,JavaScript,full,ram,mem_alloc,builtin,1,16,1,7.638381319000008,34359738368,B,4498301005.545801,2147483648
js_20261002-131335,20261002-130758,JavaScript,full,gpu,gpu_fp32_peak,gpu,0,4194304,1,0.009069883000003756,137438953472,FLOP,15153332570215.412,7.3300352096557617
js_20261002-131335,20261002-130758,JavaScript,full,gpu,gpu_fp32_peak,gpu,0,4194304,2,0.002675918000008096,137438953472,FLOP,51361421938782.94,7.3300352096557617
js_20261002-131335,20261002-130758,JavaScript,full,gpu,gpu_fp32_peak,gpu,0,4194304,3,0.0025957809999963503,137438953472,FLOP,52947052726017.04,7.3300352096557617
js_20261002-131335,20261002-130758,JavaScript,full,gpu,gpu_fp32_peak,gpu,0,4194304,4,0.002595420999990893,137438953472,FLOP,52954396790533.125,7.3300352096557617
js_20261002-131335,20261002-130758,JavaScript,full,gpu,gpu_fp32_peak,gpu,0,4194304,5,0.001949317999999039,137438953472,FLOP,70506173683343.48,7.3300352096557617
js_20261002-131335,20261002-130758,JavaScript,full,gpu,gpu_bandwidth,gpu,0,512,1,0.0014323739999963436,1073741824,B,749623927830.8186,1.5
js_20261002-131335,20261002-130758,JavaScript,full,gpu,gpu_bandwidth,gpu,0,512,2,0.0019245610000070883,1073741824,B,557915194164.3031,1.5
js_20261002-131335,20261002-130758,JavaScript,full,gpu,gpu_bandwidth,gpu,0,512,3,0.0018899300000048242,1073741824,B,568138409357.6266,1.5
js_20261002-131335,20261002-130758,JavaScript,full,gpu,gpu_bandwidth,gpu,0,512,4,0.0018958740000089166,1073741824,B,566357165083.2018,1.5
js_20261002-131335,20261002-130758,JavaScript,full,gpu,gpu_bandwidth,gpu,0,512,5,0.0019882379999908153,1073741824,B,540046927985.9655,1.5
js_20261002-131335,20261002-130758,JavaScript,full,gpu,gpu_sgemm,gpu,0,2048,1,0.0030289170000032755,17179869184,FLOP,5671951124438.676,2147483472.8566284
js_20261002-131335,20261002-130758,JavaScript,full,gpu,gpu_sgemm,gpu,0,2048,2,0.004452392000006512,17179869184,FLOP,3858570670321.6777,2147483472.8566284
js_20261002-131335,20261002-130758,JavaScript,full,gpu,gpu_sgemm,gpu,0,2048,3,0.00467876699999033,17179869184,FLOP,3671879617864.174,2147483472.8566284
js_20261002-131335,20261002-130758,JavaScript,full,gpu,gpu_sgemm,gpu,0,2048,4,0.004554751000003307,17179869184,FLOP,3771856943219.8433,2147483472.8566284
js_20261002-131335,20261002-130758,JavaScript,full,gpu,gpu_sgemm,gpu,0,2048,5,0.004557211999999708,17179869184,FLOP,3769820053137.993,2147483472.8566284
js_20261002-131335,20261002-130758,JavaScript,full,gpu,gpu_upload,gpu,0,512,1,0.3030493520000018,536870912,B,1771562646.3375404,134217728
js_20261002-131335,20261002-130758,JavaScript,full,gpu,gpu_upload,gpu,0,512,2,0.31393454000000204,536870912,B,1710136488.96358,134217728
js_20261002-131335,20261002-130758,JavaScript,full,gpu,gpu_upload,gpu,0,512,3,0.30027882799999495,536870912,B,1787907977.3150342,134217728
js_20261002-131335,20261002-130758,JavaScript,full,gpu,gpu_upload,gpu,0,512,4,0.29830942099999813,536870912,B,1799711555.204297,134217728
js_20261002-131335,20261002-130758,JavaScript,full,gpu,gpu_upload,gpu,0,512,5,0.382127747999999,536870912,B,1404951393.3753939,134217728
js_20261002-131335,20261002-130758,JavaScript,full,gpu,gpu_download,gpu,0,512,1,0.09728509399999166,536870912,B,5518532078.511905,2.5
js_20261002-131335,20261002-130758,JavaScript,full,gpu,gpu_download,gpu,0,512,2,0.09737522299999546,536870912,B,5513424210.592309,2.5
js_20261002-131335,20261002-130758,JavaScript,full,gpu,gpu_download,gpu,0,512,3,0.09447734600001423,536870912,B,5682535917.127892,2.5
js_20261002-131335,20261002-130758,JavaScript,full,gpu,gpu_download,gpu,0,512,4,0.09415754400000151,536870912,B,5701836403.039478,2.5
js_20261002-131335,20261002-130758,JavaScript,full,gpu,gpu_download,gpu,0,512,5,0.09764881199999945,536870912,B,5497976892.94984,2.5
