time,phase,cpu_temp_c,cpu_mhz_avg,cpu_mhz_max,gpu_temp_c,gpu_busy_pct,gpu_sclk_mhz,mem_used_gib
1790960455.448829241,cpp,35.0,1295,2305,27,0,210,13.30
1790960456.512274183,cpp,41.0,1540,4304,31,0,1695,13.48
1790960457.553576611,cpp,41.0,1365,4300,33,0,1695,13.47
1790960458.598610108,cpp,41.0,1395,4300,34,0,1695,13.48
1790960459.637957676,cpp,40.0,1462,4300,35,0,1695,13.48
1790960460.683555508,cpp,41.0,1811,4300,35,0,1695,13.49
1790960461.725934129,cpp,40.0,1390,4300,35,0,1695,13.50
1790960462.771151654,cpp,39.0,1718,4300,36,0,1695,13.50
1790960463.813575759,cpp,39.0,1360,4300,36,0,1695,13.51
1790960464.855393694,cpp,40.0,1360,4300,36,0,1695,13.50
1790960465.899378243,cpp,46.0,1360,4300,36,0,1695,13.50
1790960466.942446295,cpp,48.0,1360,4300,36,0,1695,13.50
1790960467.986823394,cpp,43.0,1405,4300,36,0,1695,13.71
1790960469.032415590,cpp,45.0,1360,4300,37,0,1695,13.87
1790960470.073937728,cpp,40.0,1490,4300,37,0,1695,13.87
1790960471.118613980,cpp,43.0,1370,4300,37,0,1695,13.88
1790960472.163401309,cpp,45.0,1360,4300,37,0,1695,13.89
1790960473.209100543,cpp,45.0,1375,4300,37,0,1695,13.86
1790960474.250291521,cpp,44.0,1369,4300,32,0,210,13.86
1790960475.297713677,cpp,44.0,1360,4300,30,0,210,13.79
1790960476.341177121,cpp,44.0,1381,4300,30,0,210,13.78
1790960477.385907788,cpp,39.0,1355,4300,30,0,210,13.60
1790960478.432789497,cpp,37.0,1526,4511,30,0,210,13.68
1790960479.478975493,cpp,38.0,1360,4300,30,0,210,13.69
1790960480.526489132,cpp,38.0,1383,4300,30,0,210,13.73
1790960481.571418336,cpp,40.0,1574,4345,30,0,210,13.73
1790960482.618095522,cpp,39.0,1355,4300,30,0,210,13.72
1790960483.663653044,cpp,38.0,1360,4300,29,0,210,13.71
1790960484.710193114,cpp,38.0,1405,4300,29,0,210,13.69
1790960485.756285869,cpp,33.0,1437,3500,29,0,210,13.72
1790960486.802618697,cpp,38.0,1365,4300,29,0,210,13.71
1790960487.844083356,cpp,37.0,1360,4300,29,0,210,13.72
1790960488.889765065,cpp,37.0,1355,4300,29,0,210,13.71
1790960489.933044108,cpp,37.0,1365,4300,29,0,210,13.70
1790960490.983626311,cpp,40.0,1360,4300,29,0,210,13.71
1790960492.029920112,cpp,46.0,1355,4300,29,0,210,13.92
1790960493.075934759,cpp,47.0,1360,4300,29,0,210,13.98
1790960494.121941550,cpp,41.0,1366,4300,29,0,210,13.98
1790960495.180668075,cpp,40.0,1360,4300,29,0,210,13.99
1790960496.226652447,cpp,40.0,1561,4300,29,0,210,13.99
1790960497.273356425,cpp,40.0,1720,4301,29,0,210,13.98
1790960498.319349978,cpp,41.0,1510,4300,28,0,210,13.96
1790960499.363583004,cpp,41.0,1975,4300,28,0,210,13.95
1790960500.405665232,cpp,47.0,1544,4300,28,0,210,14.28
1790960501.465466869,cpp,58.0,3648,4300,28,0,210,14.32
1790960502.540258495,cpp,42.0,1520,4300,29,0,210,15.93
1790960503.586417221,cpp,47.0,1365,4300,29,0,210,15.89
1790960504.631336601,cpp,38.0,1432,3800,29,0,210,16.88
1790960505.686045225,cpp,41.0,3800,3800,28,0,210,16.88
1790960506.762199811,cpp,46.0,1375,4300,28,0,210,16.19
1790960507.808744502,cpp,39.0,1360,4300,28,0,210,16.34
1790960508.856840121,cpp,39.0,1460,4300,28,0,210,16.32
1790960509.902986863,cpp,39.0,1395,4300,29,0,210,16.31
1790960510.950413593,cpp,38.0,1360,4300,29,0,210,16.29
1790960511.997816931,cpp,34.0,1438,4201,29,0,210,16.29
1790960513.040278366,cpp,40.0,1360,4300,28,0,210,14.78
1790960514.083750193,cpp,45.0,1425,4300,28,0,210,14.19
1790960515.130468970,cpp,40.0,1480,4300,28,0,210,17.74
1790960516.174203983,cpp,46.0,1530,4593,28,0,210,15.96
1790960517.218598569,cpp,45.0,1593,4303,28,0,210,19.97
1790960518.266453365,cpp,40.0,1355,4300,28,0,210,21.64
1790960519.313458081,cpp,49.0,1375,4300,28,0,210,14.18
1790960520.360890750,cpp,45.0,1534,4300,28,0,210,17.79
1790960521.408413920,cpp,35.0,1474,3500,28,0,210,21.51
1790960522.453213204,cpp,46.0,1431,4300,28,0,210,25.55
1790960523.501133847,cpp,46.0,1376,4300,28,0,210,29.60
1790960524.548383476,cpp,40.0,1531,4305,28,0,210,29.64
1790960525.593093595,cpp,40.0,1427,4300,28,0,210,29.66
1790960526.639638088,cpp,48.0,1360,4300,28,0,210,13.89
1790960527.684740075,cpp,48.0,1427,4300,52,99,1845,13.89
1790960528.727337236,cpp,43.0,1360,4300,55,99,1860,14.59
1790960529.772772394,cpp,46.0,1360,4300,43,100,1980,14.65
1790960530.818868069,python,34.0,1382,3300,41,100,1980,13.90
1790960531.856408689,python,53.0,1355,4300,41,0,1980,14.07
1790960532.898917052,python,53.0,1355,4300,40,0,1695,14.06
1790960533.939768819,python,52.0,1395,4300,39,0,1695,14.06
1790960534.984237381,python,51.0,1380,4300,39,0,1695,14.05
1790960536.029667894,python,52.0,1395,4300,39,0,1695,14.03
1790960537.065629521,python,51.0,1456,4300,39,0,1695,13.99
1790960538.110510151,python,51.0,1360,4300,39,0,1695,14.00
1790960539.155251336,python,52.0,1395,4300,39,0,1695,13.98
1790960540.200635963,python,51.0,1376,4300,39,0,1695,13.97
1790960541.243962648,python,53.0,1355,4300,39,0,1695,13.96
1790960542.286419626,python,51.0,1395,4300,39,0,1695,13.96
1790960543.328530081,python,52.0,1415,4300,39,0,1695,13.94
1790960544.373377543,python,52.0,1360,4300,39,0,1695,13.95
1790960545.414578035,python,47.0,1405,4300,40,0,1695,14.69
1790960546.458189098,python,40.0,1330,3800,40,0,1695,15.04
1790960547.502878493,python,45.0,1360,4300,40,0,1695,15.04
1790960548.547082537,python,44.0,1365,4300,40,0,1695,15.00
1790960549.590973674,python,42.0,1360,4300,40,0,345,14.56
1790960550.636564301,python,42.0,1441,4300,34,0,210,14.55
1790960551.682303721,python,43.0,1380,4300,34,0,210,14.38
1790960552.729199880,python,45.0,1360,4300,33,0,210,14.37
1790960553.773788317,python,42.0,1418,4300,33,0,210,14.38
1790960554.821485115,python,45.0,1360,4300,33,0,210,14.38
1790960555.868079330,python,47.0,1557,4300,32,0,210,14.33
1790960556.914024355,python,43.0,1360,4300,32,0,210,14.33
1790960557.961474041,python,45.0,1550,4700,32,0,210,14.26
1790960559.005903437,python,41.0,1400,4300,31,0,210,14.29
1790960560.053138526,python,42.0,1403,4300,32,0,210,14.27
1790960561.100293020,python,50.0,1460,4300,32,0,210,14.01
1790960562.147274970,python,49.0,1381,4300,32,0,210,13.95
1790960563.190725476,python,52.0,1359,4300,31,0,210,13.99
1790960564.235392307,python,51.0,1428,4300,31,0,210,13.83
1790960565.281394129,python,53.0,1360,4300,31,0,210,13.94
1790960566.327909667,python,52.0,1417,4300,31,0,210,13.92
1790960567.375960577,python,52.0,1510,4300,31,0,210,13.89
1790960568.422653563,python,53.0,1979,4300,31,0,210,13.88
1790960569.481866814,python,60.0,4300,4300,30,0,210,13.88
1790960570.524599527,python,58.0,4300,4300,30,0,210,14.18
1790960571.597019389,python,56.0,3400,3400,30,0,210,14.27
1790960572.678858757,python,46.0,1510,4300,30,0,210,15.17
1790960573.723320510,python,41.0,1342,3800,30,0,210,15.74
1790960574.771452067,python,40.0,1355,4300,30,0,210,15.49
1790960575.816963901,python,41.0,1364,3800,31,0,210,15.89
1790960576.862279505,python,41.0,1335,3800,30,0,210,16.81
1790960577.908892980,python,40.0,1360,3800,30,0,210,18.47
1790960578.955910902,python,43.0,1335,3800,30,0,210,17.45
1790960580.001376650,python,41.0,1373,3800,30,0,210,17.53
1790960581.047625457,python,45.0,1395,4300,30,0,210,15.04
1790960582.092622304,python,45.0,1360,4300,30,0,210,16.46
1790960583.138888382,python,41.0,1449,3800,30,0,210,16.79
1790960584.181581862,python,45.0,1360,4300,29,0,210,17.61
1790960585.229095238,python,51.0,1360,4300,29,0,210,16.48
1790960586.277402006,python,41.0,1436,3800,29,0,210,17.26
1790960587.324520004,python,39.0,1360,4300,29,0,210,16.96
1790960588.371758895,python,39.0,1395,4300,30,0,210,16.95
1790960589.410819649,python,40.0,1387,4300,30,0,210,16.84
1790960590.458182948,python,40.0,1375,4300,30,0,210,16.72
1790960591.505063924,python,40.0,1512,4300,29,0,210,16.69
1790960592.552728168,python,46.0,1510,4300,29,0,210,16.67
1790960593.597407070,python,39.0,1435,4300,29,0,210,16.63
1790960594.643276411,python,39.0,1395,4300,29,0,210,16.67
1790960595.681698780,python,39.0,1360,4300,29,0,210,16.71
1790960596.728548925,python,46.0,1395,4300,30,0,210,14.71
1790960597.772550577,python,47.0,1360,4300,29,0,210,15.69
1790960598.818664945,python,51.0,1355,4300,29,0,210,14.47
1790960599.863256892,python,46.0,1360,4300,29,0,210,18.16
1790960600.910856443,python,47.0,1360,4300,29,0,210,22.14
1790960601.958336614,python,47.0,1370,4300,29,0,210,14.87
1790960602.996967753,python,46.0,1361,4300,29,0,210,18.51
1790960604.044430662,python,47.0,1355,4300,29,0,210,22.46
1790960605.090434149,python,47.0,1395,4300,29,0,210,26.33
1790960606.137914659,python,44.0,1360,4300,29,0,210,29.49
1790960607.185910270,python,43.0,1360,4300,29,0,210,29.49
1790960608.233567101,python,50.0,1381,4300,29,0,210,14.08
1790960609.278982126,python,52.0,1360,4300,52,98,1860,14.07
1790960610.321432781,python,43.0,1395,4300,45,0,1965,14.42
1790960611.363860248,python,50.0,1360,4300,42,90,1965,14.69
1790960612.408116950,python,43.0,1360,4300,41,89,1965,14.80
1790960613.449562866,r,40.0,1405,4300,41,0,1965,14.61
1790960614.523662587,r,55.0,1390,4300,40,0,1695,14.66
1790960615.564725418,r,54.0,1398,4300,40,0,1695,14.66
1790960616.609384323,r,55.0,1360,4300,39,0,1695,14.66
1790960617.652386540,r,54.0,1360,4300,39,0,1695,14.65
1790960618.695306610,r,56.0,1360,4300,39,0,1695,14.64
1790960619.740501037,r,55.0,1355,4300,39,0,1695,14.62
1790960620.783938140,r,53.0,1365,4300,40,0,1695,14.61
1790960621.827679732,r,51.0,1568,4300,40,0,1695,14.60
1790960622.870290995,r,52.0,1360,4300,40,0,1695,14.58
1790960623.914929650,r,51.0,1445,4300,40,0,1695,14.57
1790960624.957584632,r,53.0,1360,4300,40,0,1695,14.56
1790960626.000781480,r,42.0,1360,4300,40,0,1695,14.55
1790960627.042809722,r,49.0,1445,4300,40,0,1695,14.48
1790960628.087613220,r,51.0,1360,4300,40,0,1695,14.33
1790960629.131673073,r,49.0,1360,4300,41,0,1695,14.32
1790960630.170725219,r,50.0,1360,4300,41,0,1695,14.21
1790960631.215877128,r,44.0,1360,4300,41,0,1695,14.58
1790960632.262170413,r,53.0,1360,4300,35,0,210,14.14
1790960633.310156497,r,42.0,1360,4300,35,0,210,14.10
1790960634.357189122,r,46.0,1360,4300,33,0,210,14.07
1790960635.401945553,r,50.0,1398,4300,33,0,210,14.00
1790960636.445910271,r,43.0,1360,4300,33,0,210,14.14
1790960637.502687188,r,43.0,1381,4300,33,0,210,14.28
1790960638.549263311,r,43.0,1360,4300,33,0,210,14.27
1790960639.611221517,r,42.0,1390,4300,33,0,210,14.06
1790960640.656567153,r,44.0,1415,4300,33,0,210,14.05
1790960641.701602949,r,43.0,1510,4305,32,0,210,14.10
1790960642.749244202,r,40.0,1360,4300,32,0,210,14.10
1790960643.794766296,r,46.0,1360,4300,32,0,210,14.10
1790960644.838532847,r,40.0,1515,4300,32,0,210,14.12
1790960645.885965840,r,41.0,1375,4300,32,0,210,14.11
1790960646.932965751,r,43.0,1355,4300,32,0,210,14.10
1790960647.978376798,r,44.0,1395,4300,32,0,210,14.08
1790960649.023380312,r,42.0,1360,4300,31,0,210,13.98
1790960650.071089852,r,44.0,1441,4300,31,0,210,13.96
1790960651.118224719,r,44.0,1385,4300,31,0,210,13.96
1790960652.164153434,r,43.0,1360,4300,31,0,210,13.95
1790960653.206183636,r,42.0,1370,4300,31,0,210,13.92
1790960654.252911024,r,43.0,1392,4300,31,0,210,13.90
1790960655.298436059,r,43.0,1401,4300,31,0,210,13.89
1790960656.331688095,r,43.0,1395,4300,31,0,210,13.87
1790960657.371593693,r,45.0,1355,4300,30,0,210,13.85
1790960658.419320045,r,41.0,1442,4300,30,0,210,13.84
1790960659.467370418,r,46.0,1355,4300,30,0,210,13.84
1790960660.515327511,r,45.0,1360,4300,31,0,210,13.83
1790960661.559197396,r,44.0,1375,4300,31,0,210,13.75
1790960662.606374414,r,42.0,1360,4300,31,0,210,13.79
1790960663.652964753,r,44.0,1550,4300,30,0,210,13.80
1790960664.698861929,r,45.0,1526,4509,30,0,210,13.81
1790960665.744876325,r,43.0,1362,4300,30,0,210,13.90
1790960666.791076527,r,41.0,1363,4300,30,0,210,13.92
1790960667.838323409,r,44.0,1355,4300,30,0,210,13.93
1790960668.885683419,r,50.0,1442,4300,30,0,210,13.91
1790960669.931720030,r,40.0,1355,4300,30,0,210,13.94
1790960670.977233007,r,51.0,1360,4300,30,0,210,13.91
1790960672.025060670,r,48.0,1365,4300,30,0,210,13.94
1790960673.072136063,r,42.0,1382,4300,30,0,210,13.94
1790960674.117841293,r,49.0,1360,4300,30,0,210,13.94
1790960675.162057760,r,46.0,1450,4300,30,0,210,13.96
1790960676.208343738,r,41.0,1360,4300,30,0,210,13.96
1790960677.252989286,r,49.0,1378,4300,30,0,210,13.94
1790960678.299150155,r,48.0,1360,4300,30,0,210,13.96
1790960679.346842031,r,40.0,1360,4300,29,0,210,13.96
1790960680.391620189,r,50.0,1360,4300,29,0,210,13.95
1790960681.437560845,r,40.0,1515,4300,30,0,210,13.95
1790960682.484416384,r,48.0,1360,4300,30,0,210,13.92
1790960683.528443016,r,49.0,1365,4300,30,0,210,13.96
1790960684.569307571,r,42.0,1360,4300,29,0,210,13.97
1790960685.616985585,r,56.0,1360,4300,29,0,210,13.96
1790960686.662746285,r,40.0,1360,4300,29,0,210,13.95
1790960687.708603668,r,55.0,1540,4300,29,0,210,13.94
1790960688.755680555,r,56.0,2160,4300,29,0,210,13.94
1790960689.797616952,r,59.0,2767,4300,29,0,210,13.94
1790960690.825275886,r,41.0,1429,4300,30,0,210,13.93
1790960691.869258910,r,41.0,1360,4300,29,0,210,13.93
1790960692.912156761,r,39.0,1360,4300,29,0,210,14.17
1790960693.958696135,r,44.0,1395,4300,29,0,210,14.42
1790960695.005721695,r,54.0,3400,3400,29,0,210,14.54
1790960696.066288177,r,44.0,1370,4300,29,0,210,14.41
1790960697.112220971,r,43.0,1445,4300,29,0,210,14.50
1790960698.151712077,r,47.0,1355,4300,29,0,210,14.10
1790960699.196944781,r,48.0,1385,4300,29,0,210,15.40
1790960700.243485574,r,41.0,1355,4300,29,0,210,15.92
1790960701.290939004,r,41.0,1360,4300,29,0,210,16.43
1790960702.336467172,r,40.0,1536,4300,29,0,210,16.43
1790960703.377210324,r,51.0,1365,4300,29,0,210,16.44
1790960704.423815385,r,51.0,1424,4300,29,0,210,17.17
1790960705.470101866,r,53.0,1516,4313,29,0,210,17.16
1790960706.516421791,r,49.0,1360,4300,29,0,210,17.17
1790960707.562473820,r,41.0,1395,4300,29,0,210,16.67
1790960708.609336889,r,39.0,1355,4300,28,0,210,15.96
1790960709.656992714,r,49.0,1445,4300,28,0,210,16.56
1790960710.703367332,r,48.0,1360,4300,29,0,210,16.67
1790960711.750392181,r,48.0,1370,4300,29,0,210,16.83
1790960712.798810267,r,44.0,1362,4300,28,0,210,16.94
1790960713.860655799,r,40.0,1360,4300,28,0,210,16.94
1790960714.906441766,r,53.0,1660,4300,28,0,210,15.43
1790960715.953500976,r,41.0,1360,4300,28,0,210,16.94
1790960716.998936796,r,48.0,1360,4300,28,0,210,17.93
1790960718.040603717,r,40.0,1395,4300,29,0,210,18.68
1790960719.085528660,r,41.0,1360,4300,29,0,210,17.50
1790960720.149488128,r,41.0,1400,4300,28,0,210,17.90
1790960721.195074530,r,41.0,1391,4300,28,0,210,16.89
1790960722.242403692,r,40.0,1415,4300,28,0,210,16.89
1790960723.288180772,r,41.0,1360,4300,28,0,210,16.79
1790960724.334821725,r,46.0,1360,4300,28,0,210,16.66
1790960725.381227714,r,42.0,1360,4300,29,0,210,16.67
1790960726.427764259,r,41.0,1360,4300,29,0,210,16.57
1790960727.473528276,r,41.0,1380,4300,28,0,210,16.67
1790960728.519168901,r,41.0,1434,4300,28,0,210,16.59
1790960729.566244062,r,39.0,1437,4300,28,0,210,16.69
1790960730.613208453,r,49.0,1415,4300,28,0,210,15.43
1790960731.659658554,r,47.0,1355,4300,28,0,210,14.72
1790960732.707197142,r,47.0,1395,4300,29,0,210,16.63
1790960733.754002945,r,48.0,1510,4300,29,0,210,16.62
1790960734.801624644,r,46.0,1360,4300,28,0,210,15.15
1790960735.846242691,r,52.0,1561,4300,28,0,210,18.41
1790960736.890936049,r,54.0,1510,4300,28,0,210,20.28
1790960737.938982932,r,50.0,1462,4300,28,0,210,20.57
1790960738.986402126,r,40.0,1360,4300,28,0,210,15.17
1790960740.032167222,r,47.0,1360,4300,28,0,210,16.06
1790960741.076931348,r,47.0,1385,4300,28,0,210,19.59
1790960742.124105150,r,43.0,1360,4300,28,0,210,21.96
1790960743.169141110,r,47.0,1410,4300,28,0,210,24.35
1790960744.215821089,r,55.0,1360,4300,28,0,210,25.97
1790960745.261389386,r,51.0,1367,4300,28,0,210,25.98
1790960746.307957833,r,47.0,1395,4300,28,0,210,25.64
1790960747.354509598,r,40.0,1363,4300,28,0,210,14.98
1790960748.401128966,r,47.0,1425,4300,28,0,210,17.22
1790960749.440267886,r,47.0,1362,4300,28,0,210,20.80
1790960750.487060334,r,47.0,1355,4300,28,0,210,24.34
1790960751.529490968,r,46.0,1395,4300,28,0,210,27.88
1790960752.575821675,r,37.0,1470,4300,28,0,210,30.00
1790960753.614696284,r,49.0,1360,4300,28,0,210,32.68
1790960754.661660852,r,47.0,1424,4300,28,0,210,36.12
1790960755.708064645,r,47.0,1360,4300,28,0,210,39.57
1790960756.753947753,r,48.0,1425,4300,28,0,210,43.01
1790960757.801278445,r,54.0,1360,4300,28,0,210,46.02
1790960758.849337004,r,54.0,1366,4300,28,0,210,46.03
1790960759.891259071,r,55.0,1360,4300,28,0,210,46.02
1790960760.939003738,r,55.0,1360,4300,28,0,210,46.01
1790960761.984999431,r,54.0,1380,4300,28,0,210,46.02
1790960763.030525338,r,55.0,1360,4300,28,0,210,46.02
1790960764.075948194,r,50.0,1355,4300,28,0,210,46.03
1790960765.123548077,r,49.0,1360,4300,27,0,210,46.03
1790960766.169018145,r,53.0,1360,4300,27,0,210,38.55
1790960767.209130320,r,45.0,1360,4300,27,0,210,14.42
1790960768.245850333,r,50.0,1385,4300,50,29,1905,14.43
1790960769.292283819,r,40.0,1360,4300,55,90,1920,14.43
1790960770.337257723,r,39.0,1430,4300,42,4,1980,13.94
1790960771.379159054,r,50.0,1360,4300,41,4,1980,14.52
1790960772.424783792,r,40.0,1355,4300,39,0,1695,14.09
1790960773.467466548,r,39.0,1385,4300,38,0,1695,14.08
1790960774.512497808,r,41.0,1360,4300,38,27,1695,14.06
1790960775.557588694,r,41.0,1395,4300,38,0,1695,14.04
1790960776.603272364,r,41.0,1360,4300,38,0,1695,15.44
1790960777.644601600,r,43.0,1375,4300,38,0,1695,15.43
1790960778.688592751,r,48.0,1395,4300,39,1,1695,15.95
1790960779.731483261,r,42.0,1360,4300,39,0,1695,15.94
1790960780.776110972,r,50.0,1360,4300,39,0,1695,15.87
1790960781.818276656,r,39.0,1380,4300,39,26,1695,15.46
1790960782.859840005,r,39.0,1400,4300,39,26,1695,15.46
1790960783.904046232,r,49.0,1360,4300,39,0,1695,15.04
1790960784.947659753,r,41.0,1360,4300,39,0,1695,14.99
1790960785.993305973,r,40.0,1360,4300,40,26,1695,16.18
1790960787.039386235,r,49.0,1395,4300,40,0,1695,15.82
1790960788.103709781,r,44.0,1365,4300,40,0,1695,15.38
1790960789.148636434,js,40.0,1369,3731,40,26,1695,14.48
1790960790.182104982,js,48.0,1499,4300,40,0,1695,14.50
1790960791.227149842,js,48.0,1535,4300,40,0,1695,14.50
1790960792.272632358,js,49.0,1375,4300,36,0,510,14.48
1790960793.319872908,js,49.0,1383,4300,33,0,210,14.46
1790960794.365519631,js,48.0,1358,4300,32,0,210,14.43
1790960795.409562604,js,38.0,1361,4210,32,0,210,14.42
1790960796.453219079,js,48.0,1360,4300,32,0,210,14.40
1790960797.497847402,js,48.0,1365,4300,32,0,210,14.39
1790960798.544949163,js,48.0,1366,4300,32,0,210,14.36
1790960799.591631035,js,54.0,1360,4300,32,0,210,14.34
1790960800.636014704,js,53.0,1400,4300,32,0,210,14.35
1790960801.679830526,js,55.0,1515,4301,31,0,210,14.32
1790960802.723442340,js,56.0,1360,4300,31,0,210,14.30
1790960803.770189686,js,52.0,1360,4300,32,0,210,14.28
1790960804.813090809,js,54.0,1355,4300,31,0,210,14.25
1790960805.859897861,js,53.0,1398,4300,31,0,210,14.24
1790960806.899897097,js,54.0,1360,4300,31,0,210,14.23
1790960807.946882430,js,44.0,1373,4300,31,0,210,14.25
1790960808.989841389,js,48.0,1360,4300,31,0,210,14.46
1790960810.033618518,js,47.0,1400,4300,30,0,210,14.45
1790960811.076890739,js,48.0,1383,4300,31,0,210,14.44
1790960812.123724041,js,47.0,1401,4300,31,0,210,14.44
1790960813.168726368,js,49.0,1375,4300,31,0,210,14.44
1790960814.217866265,js,47.0,1368,4300,30,0,210,14.48
1790960815.264549938,js,48.0,1363,4300,30,0,210,14.45
1790960816.310681986,js,49.0,1355,4300,30,0,210,14.30
1790960817.354593142,js,47.0,1365,4300,30,0,210,14.28
1790960818.400538716,js,48.0,1360,4300,30,0,210,14.13
1790960819.446923278,js,47.0,1365,4300,30,0,210,14.14
1790960820.488772358,js,47.0,1365,4300,30,0,210,14.02
1790960821.534611869,js,48.0,1355,4300,30,0,210,14.02
1790960822.581972533,js,42.0,1395,4300,30,0,210,13.58
1790960823.627320010,js,44.0,1360,4300,30,0,210,13.66
1790960824.671297463,js,42.0,1365,4300,30,0,210,13.70
1790960825.719482270,js,42.0,1439,4300,30,0,210,13.61
1790960826.763665794,js,38.0,1365,3800,30,0,210,13.41
1790960827.812432448,js,41.0,1400,4300,30,0,210,13.68
1790960828.856133761,js,42.0,1376,4300,29,0,210,13.57
1790960829.902702048,js,44.0,1355,4300,29,0,210,13.62
1790960830.950509866,js,42.0,1380,4300,29,0,210,13.69
1790960831.996573137,js,51.0,1360,4300,30,0,210,13.86
1790960833.039366619,js,36.0,1255,2000,30,0,210,13.87
1790960834.088152652,js,36.0,1257,2112,30,0,210,13.89
1790960835.133941370,js,51.0,1355,4300,29,0,210,13.85
1790960836.178633734,js,48.0,1523,4350,29,0,210,13.79
1790960837.214099476,js,37.0,1559,4300,29,0,210,13.77
1790960838.258498622,js,46.0,1862,4300,29,0,210,13.77
1790960839.303869002,js,48.0,3352,4302,29,0,210,13.81
1790960840.348289395,js,59.0,3400,3400,29,0,210,14.14
1790960841.420291351,js,68.0,4300,4300,30,0,210,14.07
1790960842.448906791,js,39.0,1380,2900,29,0,210,15.76
1790960843.495741678,js,50.0,1355,4300,29,0,210,16.03
1790960844.539987931,js,52.0,1470,4300,29,0,210,16.88
1790960845.584330657,js,47.0,1442,4300,29,0,210,14.35
1790960846.631628495,js,45.0,1395,4300,29,0,210,15.98
1790960847.676812182,js,41.0,1385,4300,29,0,210,16.10
1790960848.723905492,js,37.0,1375,4300,29,0,210,16.07
1790960849.767815599,js,40.0,1395,4300,29,0,210,16.04
1790960850.814078117,js,41.0,1360,4300,29,0,210,16.03
1790960851.860543416,js,40.0,1375,4300,29,0,210,16.01
1790960852.902737024,js,40.0,1425,4300,28,0,210,16.00
1790960853.950467703,js,37.0,1395,4300,29,0,210,15.54
1790960854.998382630,js,49.0,1395,4300,29,0,210,14.74
1790960856.044995881,js,50.0,1355,4300,29,0,210,14.67
1790960857.090747899,js,52.0,1360,4300,28,0,210,17.57
1790960858.137414025,js,50.0,1375,4300,28,0,210,15.02
1790960859.185406480,js,50.0,1360,4300,28,0,210,18.89
1790960860.249391531,js,54.0,1425,4300,28,0,210,21.52
1790960861.295514935,js,55.0,1380,4300,29,0,210,21.50
1790960862.339095459,js,49.0,1682,4300,29,0,210,15.83
1790960863.383574364,js,41.0,1510,4300,28,0,210,19.55
1790960864.435483173,js,48.0,1544,4300,28,0,210,23.29
1790960865.483638005,js,50.0,1483,4300,28,0,210,27.13
1790960866.530289416,js,53.0,1355,4300,28,0,210,29.41
1790960867.576226652,js,52.0,1395,4300,28,0,210,29.42
1790960868.621436768,js,54.0,1360,4300,29,0,210,29.44
1790960869.667304234,js,54.0,1355,4300,29,0,210,23.59
1790960870.713891725,js,48.0,1400,4300,28,0,210,13.87
1790960871.760852292,js,47.0,1408,4300,28,0,210,13.86
1790960872.808949091,js,38.0,1317,2000,28,0,210,13.73
1790960873.852095589,js,45.0,1527,4535,28,0,210,14.72
1790960874.899846554,js,48.0,1535,4300,28,0,210,14.51
1790960876.037858403,js,45.0,1398,4300,29,0,210,15.01
1790960877.084764119,idle,36.0,1210,1300,29,0,210,14.36
1790960878.137207897,idle,35.0,1230,1700,28,0,210,14.35
