"label","section","test","seconds"
"refblas","r25-I","2500x2500 matrix creation, transpose, deform",0.324
"refblas","r25-I","2500x2500 normal random matrix ^1000",0.215
"refblas","r25-I","Sort 7,000,000 random values",0.652
"refblas","r25-I","2800x2800 cross-product (a'a)",8.268
"refblas","r25-I","Linear regression, 2000x2000 (normal equations)",3.5
"refblas","r25-II","FFT over 2,400,000 random values",0.151000000000003
"refblas","r25-II","Eigenvalues of a 600x600 random matrix",0.335000000000001
"refblas","r25-II","Determinant of a 2500x2500 random matrix",1.052
"refblas","r25-II","Cholesky decomposition of a 3000x3000 matrix",3.164
"refblas","r25-II","Inverse of a 1600x1600 random matrix",1.762
"refblas","r25-III","3,500,000 Fibonacci numbers (vector calc)",0.112000000000009
"refblas","r25-III","3000x3000 Hilbert matrix (matrix calc)",0.134
"refblas","r25-III","GCD of 400,000 pairs (recursion)",0.716999999999999
"refblas","r25-III","500x500 Toeplitz matrix (loops)",0.177000000000007
"refblas","r25-III","Escoufier's method on a 45x45 matrix (mixed)",0.191000000000003
"refblas","practical","Interpreted for-loop, 50M iterations",16.993
"refblas","practical","Memory: fill+sum+copy 8 GB of doubles (1e9)",10.792
"refblas","practical","data.frame 10M rows: tapply group means (1000 grp)",0.437000000000012
"refblas","practical","data.frame 10M rows: order by 2 keys",1.179
"refblas","practical","merge() 1M x 1M rows on integer key",0.512999999999977
"refblas","practical","lm() 1M rows x 20 predictors",0.799999999999983
"refblas","practical","glm() logistic 500k rows x 10 predictors",0.675000000000011
"refblas","practical","Strings: paste + regex gsub on 2M strings",4.55599999999998
"refblas","practical","Bootstrap: 2000 resamples of median (n=10k), sapply",0.899000000000001
"refblas","practical","Distance matrix dist() 5000x50",0.711999999999989
"refblas","parallel","mclapply  1 cores",4.05000000000001
"refblas","parallel","mclapply  2 cores",2.001
"refblas","parallel","mclapply  4 cores",1.08499999999998
"refblas","parallel","mclapply  6 cores",0.84099999999998
"refblas","parallel","mclapply  8 cores",0.879999999999995
"refblas","parallel","mclapply 12 cores",0.831999999999994
