key,value
run_id,js_20261001-214147
batch,20261001-214143
language,JavaScript
mode,verify
language_version,Node.js v25.9.0 (V8 14.1.146.11-node.25)
build,/opt/homebrew/Cellar/node/25.9.0_2/bin/node --expose-gc
blas,OpenBLAS 0.3.34 DYNAMIC_ARCH NO_AFFINITY USE_OPENMP vortexm4 MAX_THREADS=56 (via koffi 3.3.2)
numpy_version,
cpu,Apple M5 Pro
physical_cores,15
logical_cpus,15
ram_gib,24.0
power,AC
platform_profile,automatic
cpu_temp_start_c,53.9
cpu_temp_end_c,52.9
started,2026-10-01T21:41:47
elapsed_s,0.154
host,apple-inc-macbook-pro-14-inch-m5-pro
machine,apple-inc-macbook-pro-14-inch-m5-pro
gpu_platform,"WebGPU (npm webgpu 0.6.1, Dawn, Metal)"
gpu_device,apple-m5-pro
gpu_compute_units,
gpu_max_clock_mhz,
gpu_driver,Metal driver on macOS Version 26.5.2 (Build 25F84)
skipped,
failed,
