"key","value"
"run_id","r_20261001-215428"
"batch","20261001-215334"
"language","R"
"mode","full"
"language_version","R 4.5.3"
"build","/Library/Frameworks/R.framework/Resources"
"blas","/Library/Frameworks/R.framework/Versions/4.5-arm64/Resources/lib/libRblas.0.dylib"
"numpy_version",""
"cpu","Apple M5 Pro"
"physical_cores","15"
"logical_cpus","15"
"ram_gib","24.0"
"power","AC"
"platform_profile","automatic"
"cpu_temp_start_c","60.8"
"cpu_temp_end_c","59.6"
"started","2026-10-01T21:54:28"
"elapsed_s","159.8"
"host","apple-inc-macbook-pro-14-inch-m5-pro"
"machine","apple-inc-macbook-pro-14-inch-m5-pro"
"gpu_platform","Apple OpenCL 1.2 (Apr 18 2026 19:20:04)"
"gpu_device","Apple M5 Pro"
"gpu_compute_units","16"
"gpu_max_clock_mhz","1000"
"gpu_driver","1.2 1.0"
"skipped","mem_alloc 4 GiB: more than 40% of MemAvailable (8.2 GiB); mem_alloc 8 GiB: more than 40% of MemAvailable (8.2 GiB); mem_alloc 16 GiB: more than 40% of MemAvailable (8.2 GiB)"
"failed",""
